,age,Medu,Fedu,traveltime,studytime,failures,schoolsup,famsup,paid,activities,nursery,higher,internet,romantic,famrel,freetime,goout,Dalc,Walc,health,absences,sex_F,sex_M,school_GP,school_MS,address_R,address_U,famsize_GT3,famsize_LE3,Pstatus_A,Pstatus_T,Mjob_at_home,Mjob_health,Mjob_other,Mjob_services,Mjob_teacher,Fjob_at_home,Fjob_health,Fjob_other,Fjob_services,Fjob_teacher,reason_course,reason_home,reason_other,reason_reputation,guardian_father,guardian_mother,guardian_other,avgGrade
0,0.428571429,1,1,0.333333333,0.333333333,0,1,0,0,0,1,1,0,0,0.75,0.5,0.75,0,0,0.5,0.08,1,0,1,0,0,1,1,0,1,0,1,0,0,0,0,0,0,0,0,1,1,0,0,0,0,1,0,5.666666667
1,0.285714286,0.25,0.25,0,0.333333333,0,0,1,0,0,0,1,1,0,1,0.5,0.5,0,0,0.5,0.053333333,1,0,1,0,0,1,1,0,0,1,1,0,0,0,0,0,0,1,0,0,1,0,0,0,1,0,0,5.333333333
2,0,0.25,0.25,0,0.333333333,1,1,0,1,0,1,1,1,0,0.75,0.5,0.25,0.25,0.5,0.5,0.133333333,1,0,1,0,0,1,0,1,0,1,1,0,0,0,0,0,0,1,0,0,0,0,1,0,0,1,0,8.333333333
3,0,1,0.5,0,0.666666667,0,0,1,1,1,1,1,1,1,0.5,0.25,0.25,0,0,1,0.026666667,1,0,1,0,0,1,1,0,0,1,0,1,0,0,0,0,0,0,1,0,0,1,0,0,0,1,0,14.66666667
4,0.142857143,0.75,0.75,0,0.333333333,0,0,1,1,0,1,1,0,0,0.75,0.5,0.25,0,0.25,1,0.053333333,1,0,1,0,0,1,1,0,0,1,0,0,1,0,0,0,0,1,0,0,0,1,0,0,1,0,0,8.666666667
5,0.142857143,1,0.75,0,0.333333333,0,0,1,1,1,1,1,1,0,1,0.75,0.25,0,0.25,1,0.133333333,0,1,1,0,0,1,0,1,0,1,0,0,0,1,0,0,0,1,0,0,0,0,0,1,0,1,0,15
6,0.142857143,0.5,0.5,0,0.333333333,0,0,0,0,0,1,1,1,0,0.75,0.75,0.75,0,0,0.5,0,0,1,1,0,0,1,0,1,0,1,0,0,1,0,0,0,0,1,0,0,0,1,0,0,0,1,0,11.66666667
7,0.285714286,1,1,0.333333333,0.333333333,0,1,1,0,0,1,1,0,0,0.75,0,0.75,0,0,0,0.08,1,0,1,0,0,1,1,0,1,0,0,0,1,0,0,0,0,0,0,1,0,1,0,0,0,1,0,5.666666667
8,0,0.75,0.5,0,0.333333333,0,0,1,1,0,1,1,1,0,0.75,0.25,0.25,0,0,0,0,0,1,1,0,0,1,0,1,1,0,0,0,0,1,0,0,0,1,0,0,0,1,0,0,0,1,0,17.66666667
9,0,0.75,1,0,0.333333333,0,0,1,1,1,1,1,1,0,1,1,0,0,0,1,0,0,1,1,0,0,1,1,0,0,1,0,0,1,0,0,0,0,1,0,0,0,1,0,0,0,1,0,14.66666667
10,0,1,1,0,0.333333333,0,0,1,1,0,1,1,1,0,0.5,0.5,0.5,0,0.25,0.25,0,1,0,1,0,0,1,1,0,0,1,0,0,0,0,1,0,1,0,0,0,0,0,0,1,0,1,0,9
11,0,0.5,0.25,0.666666667,0.666666667,0,0,1,0,1,1,1,1,0,1,0.25,0.25,0,0,0.75,0.053333333,1,0,1,0,0,1,1,0,0,1,0,0,0,1,0,0,0,1,0,0,0,0,0,1,1,0,0,11.33333333
12,0,1,1,0,0,0,0,1,1,1,1,1,1,0,0.75,0.5,0.5,0,0.5,1,0.026666667,0,1,1,0,0,1,0,1,0,1,0,1,0,0,0,0,0,0,1,0,1,0,0,0,1,0,0,14
13,0,1,0.75,0.333333333,0.333333333,0,0,1,1,0,1,1,1,0,1,0.75,0.5,0,0.25,0.5,0.026666667,0,1,1,0,0,1,1,0,0,1,0,0,0,0,1,0,0,1,0,0,1,0,0,0,0,1,0,10.33333333
14,0,0.5,0.5,0,0.666666667,0,0,1,0,0,1,1,1,1,0.75,1,0.25,0,0,0.5,0,0,1,1,0,0,1,1,0,1,0,0,0,1,0,0,0,0,1,0,0,0,1,0,0,0,0,1,15.33333333
15,0.142857143,1,1,0,0,0,0,1,0,0,1,1,1,0,0.75,0.75,0.75,0,0.25,0.25,0.053333333,1,0,1,0,0,1,1,0,0,1,0,1,0,0,0,0,0,1,0,0,0,1,0,0,0,1,0,14
16,0.142857143,1,1,0,0.666666667,0,0,1,1,1,1,1,1,0,0.5,0.25,0.5,0,0.25,0.25,0.08,1,0,1,0,0,1,1,0,0,1,0,0,0,1,0,0,0,0,1,0,0,0,0,1,0,1,0,13.66666667
17,0.142857143,0.75,0.75,0.666666667,0.333333333,0,1,1,0,1,1,1,0,0,1,0.5,0.25,0,0,0.75,0.053333333,1,0,1,0,0,1,1,0,0,1,0,0,1,0,0,0,0,1,0,0,0,0,0,1,0,1,0,9.333333333
18,0.285714286,0.75,0.5,0,0,1,0,1,0,1,1,1,1,0,1,1,1,0.25,0.75,1,0.213333333,0,1,1,0,0,1,1,0,0,1,0,0,0,1,0,0,0,0,1,0,1,0,0,0,0,1,0,5.333333333
19,0.142857143,1,0.75,0,0,0,0,0,1,1,1,1,1,0,0.5,0,0.5,0,0.5,1,0.053333333,0,1,1,0,0,1,0,1,0,1,0,1,0,0,0,0,0,1,0,0,0,1,0,0,1,0,0,9.333333333
20,0,1,0.75,0,0.333333333,0,0,0,0,0,1,1,1,0,0.75,0.75,0,0,0,0,0,0,1,1,0,0,1,1,0,0,1,0,0,0,0,1,0,0,1,0,0,0,0,0,1,0,1,0,14
21,0,1,1,0,0,0,0,1,1,0,1,1,1,0,1,0.75,0.25,0,0,1,0,0,1,1,0,0,1,1,0,0,1,0,1,0,0,0,0,1,0,0,0,0,0,1,0,1,0,0,14
22,0.142857143,1,0.5,0,0.333333333,0,0,0,0,1,1,1,1,0,0.75,1,0,0,0.5,1,0.026666667,0,1,1,0,0,1,0,1,0,1,0,0,0,0,1,0,0,1,0,0,1,0,0,0,0,1,0,15.33333333
23,0.142857143,0.5,0.5,0.333333333,0.333333333,0,0,1,0,1,1,1,1,0,1,0.75,0.75,0.25,0.75,1,0,0,1,1,0,0,1,0,1,0,1,0,0,1,0,0,0,0,1,0,0,0,0,0,1,0,1,0,12.66666667
24,0,0.5,1,0,0.666666667,0,1,1,1,1,1,1,1,0,0.75,0.5,0.25,0,0,1,0.026666667,1,0,1,0,1,0,1,0,0,1,0,0,0,1,0,0,1,0,0,0,1,0,0,0,0,1,0,9
25,0.142857143,0.5,0.5,0,0,0.666666667,0,1,1,0,0,1,1,0,0,0.25,0.25,0,0.5,1,0.186666667,1,0,1,0,0,1,1,0,0,1,0,0,0,1,0,0,0,0,1,0,0,1,0,0,0,1,0,7.666666667
26,0,0.5,0.5,0,0,0,0,1,1,0,1,1,1,0,0.75,0.25,0.25,0,0.25,1,0.026666667,0,1,1,0,0,1,1,0,0,1,0,0,1,0,0,0,0,1,0,0,0,1,0,0,0,1,0,11.66666667
27,0,1,0.5,0,0,0,0,0,1,0,1,1,1,0,0.25,0.25,0.75,0.25,0.75,0,0.053333333,0,1,1,0,0,1,1,0,0,1,0,1,0,0,0,0,0,0,1,0,0,0,1,0,0,1,0,15.33333333
28,0.142857143,0.75,1,0,0.333333333,0,1,1,0,1,1,1,1,0,1,0.5,0.5,0,0,1,0.053333333,0,1,1,0,0,1,0,1,1,0,0,0,0,1,0,0,0,1,0,0,0,1,0,0,0,1,0,11
29,0.142857143,1,1,0,0.333333333,0,0,1,1,1,1,1,1,1,0.75,0.75,1,1,1,1,0.213333333,0,1,1,0,0,1,1,0,0,1,0,0,0,0,1,0,0,0,0,1,0,1,0,0,0,1,0,11
30,0,1,1,0,0.333333333,0,0,1,1,0,0,1,1,0,1,0.75,0.25,0.5,0.75,1,0,0,1,1,0,0,1,1,0,0,1,0,1,0,0,0,0,0,0,1,0,0,1,0,0,0,1,0,10.66666667
31,0,1,1,0.333333333,0.333333333,0,0,1,0,1,1,1,1,0,0.75,0.5,0,0,0,1,0,0,1,1,0,0,1,1,0,0,1,0,0,0,1,0,0,0,0,1,0,0,0,0,1,0,1,0,16.66666667
32,0,1,0.75,0,0.333333333,0,0,1,0,1,1,1,1,1,0.75,1,0.25,0,0,1,0,0,1,1,0,1,0,1,0,0,1,0,0,0,0,1,1,0,0,0,0,1,0,0,0,0,1,0,16.33333333
33,0,0.75,0.75,0,0.333333333,0,0,0,0,1,0,1,1,0,1,0.5,0.25,0,0,0.25,0,0,1,1,0,0,1,0,1,0,1,0,0,1,0,0,0,0,1,0,0,1,0,0,0,0,1,0,10
34,0.142857143,0.75,0.5,0,0,0,0,1,1,0,0,1,1,0,1,0.75,0.5,0,0,1,0,0,1,1,0,0,1,1,0,0,1,0,0,1,0,0,0,0,1,0,0,0,1,0,0,0,1,0,13.66666667
35,0,0.5,0.75,0.333333333,0,0,0,1,0,1,1,1,0,0,0.5,1,0,0,0,1,0,1,0,1,0,0,1,1,0,0,1,0,0,1,0,0,0,0,1,0,0,0,0,1,0,1,0,0,7
36,0,1,0.75,0,0.666666667,0,0,1,0,1,1,1,1,0,1,0.75,0.5,0,0,0.75,0.026666667,0,1,1,0,0,1,0,1,0,1,0,0,0,0,1,0,0,0,1,0,0,1,0,0,0,1,0,16.33333333
37,0.142857143,1,1,0.333333333,0.666666667,0,0,1,0,1,1,1,1,1,0.25,0.75,0.5,0,0,1,0.093333333,0,1,1,0,1,0,1,0,1,0,0,0,1,0,0,0,0,0,0,1,0,0,0,1,0,1,0,15.33333333
38,0,0.75,1,0,0.666666667,0,1,1,1,1,1,1,1,0,0.75,0.5,0.25,0,0,1,0.026666667,1,0,1,0,1,0,1,0,0,1,0,0,0,1,0,0,1,0,0,0,1,0,0,0,0,1,0,11.66666667
39,0,0.5,0.5,0,0,0,1,1,1,1,1,1,0,0,0.75,0.5,0,0,0,0.25,0.106666667,1,0,1,0,1,0,1,0,0,1,1,0,0,0,0,0,0,1,0,0,0,0,0,1,0,1,0,13.33333333
40,0.142857143,0.5,0.5,0.333333333,0.333333333,0.333333333,0,1,0,1,0,1,1,1,0.5,0.5,0.5,0,0.25,0.5,0.333333333,1,0,1,0,0,1,0,1,0,1,0,0,1,0,0,0,0,1,0,0,0,1,0,0,0,1,0,9.333333333
41,0,1,1,0,0,0,0,1,0,0,0,1,1,1,1,0.75,0.5,0.25,0.75,1,0.106666667,0,1,1,0,0,1,0,1,0,1,0,0,0,0,1,0,0,1,0,0,0,1,0,0,0,0,1,12
42,0,1,1,0,0.333333333,0,0,1,0,1,1,1,1,0,0.75,0.5,0.5,0,0,1,0.026666667,0,1,1,0,0,1,1,0,0,1,0,0,0,1,0,0,0,0,0,1,1,0,0,0,1,0,0,18.33333333
43,0,0.5,0.5,0,0,0,1,1,0,0,1,1,1,0,1,0.75,0,0,0,0,0,0,1,1,0,0,1,1,0,0,1,0,0,0,1,0,0,0,0,1,0,1,0,0,0,1,0,0,9
44,0.142857143,0.5,0.5,0.333333333,0.333333333,0.333333333,1,0,0,1,1,1,1,0,0.75,0.5,0.5,0.25,0.25,1,0.186666667,1,0,1,0,0,1,0,1,0,1,0,0,1,0,0,1,0,0,0,0,1,0,0,0,1,0,0,9.666666667
45,0,1,0.75,0,0.333333333,0,1,1,1,1,1,1,1,1,1,0.25,0.25,0,0,1,0.106666667,1,0,1,0,0,1,0,1,1,0,0,0,1,0,0,0,0,1,0,0,1,0,0,0,0,1,0,7.333333333
46,0.142857143,0.75,0.75,0,0.333333333,0,0,1,0,0,1,1,1,0,0.25,0.5,1,0,0.75,0.5,0.16,1,0,1,0,0,1,0,1,1,0,0,0,1,0,0,0,0,0,1,0,0,1,0,0,0,1,0,11.33333333
47,0.142857143,1,0.75,0,1,0,0,0,0,1,1,1,1,0,0.75,0.25,0.25,0,0,0.25,0.053333333,0,1,1,0,0,1,1,0,0,1,0,1,0,0,0,0,0,0,1,0,0,0,0,1,0,1,0,19.33333333
48,0,1,0.5,0,0.333333333,0,0,1,1,0,1,1,0,0,0.75,0.5,0.5,0.25,0.25,1,0.026666667,0,1,1,0,0,1,1,0,0,1,0,0,0,0,1,0,0,1,0,0,0,1,0,0,0,1,0,14.66666667
49,0,1,1,0,0.333333333,0.333333333,1,1,0,1,0,1,1,0,0.75,0.75,0.75,0,0,0.5,0.026666667,1,0,1,0,0,1,1,0,0,1,0,0,0,1,0,0,0,0,0,1,0,0,1,0,1,0,0,7
50,0.142857143,0.5,0.5,0.666666667,0.333333333,0,0,1,1,0,1,1,1,0,0.75,0.5,0.5,0.25,0.5,0.75,0.026666667,1,0,1,0,0,1,0,1,0,1,0,0,0,1,0,0,0,0,1,0,1,0,0,0,0,1,0,12.66666667
51,0,1,0.5,0,0.333333333,0,0,1,1,0,1,1,1,0,0.75,0.5,0.5,0,0,1,0.026666667,1,0,1,0,0,1,0,1,0,1,0,1,0,0,0,0,0,1,0,0,0,0,1,0,0,1,0,12.33333333
52,0,1,0.5,0.333333333,0,0.333333333,0,0,0,0,1,1,0,0,1,1,1,0.5,0.75,1,0.08,0,1,1,0,0,1,0,1,1,0,0,1,0,0,0,0,1,0,0,0,0,0,1,0,1,0,0,10.66666667
53,0,1,1,0,0,0,1,1,1,0,1,1,1,0,0.5,0.5,0.75,0.25,0.5,1,0,1,0,1,0,0,1,1,0,0,1,0,0,0,1,0,0,0,0,1,0,1,0,0,0,0,1,0,9.666666667
54,0,0.75,0.75,0,0,0,0,0,1,0,1,1,1,0,1,0.5,0.75,0.75,0.75,0,0.08,1,0,1,0,0,1,0,1,1,0,0,0,1,0,0,0,0,1,0,0,0,0,1,0,0,1,0,12
55,0.142857143,0.5,0.25,0,0.333333333,0,0,0,1,1,1,1,1,1,1,0.5,0.75,0,0,0.25,0.106666667,1,0,1,0,0,1,1,0,1,0,0,0,1,0,0,0,0,1,0,0,0,0,1,0,0,1,0,9
56,0,1,0.75,0,0.333333333,0,0,1,1,1,1,1,1,0,0.75,0.5,0.25,0,0,0,0,1,0,1,0,0,1,1,0,1,0,0,0,0,1,0,0,0,0,1,0,0,0,0,1,0,1,0,14.66666667
57,0,1,1,0,0.333333333,0,0,1,0,1,1,1,0,0,0.5,0.25,0.25,0,0,1,0.053333333,0,1,1,0,0,1,1,0,0,1,0,0,0,0,1,0,1,0,0,0,0,0,0,1,0,1,0,14.66666667
58,0,0.25,0.5,0,0.333333333,0,1,1,0,1,1,1,1,0,0.75,0.5,0.25,0,0,1,0.026666667,0,1,1,0,0,1,0,1,0,1,0,0,1,0,0,1,0,0,0,0,0,1,0,0,1,0,0,9.333333333
59,0.142857143,1,0.5,0,0.333333333,0,0,1,0,0,1,1,1,0,0.75,0.25,0.5,0,0,1,0.026666667,1,0,1,0,0,1,1,0,0,1,0,0,0,1,0,0,0,1,0,0,1,0,0,0,0,1,0,15.66666667
60,0.142857143,1,1,0,0.333333333,0,0,1,0,1,1,1,0,0,0.25,0.75,0.75,0.25,0.5,0.75,0.08,1,0,1,0,1,0,1,0,0,1,0,1,0,0,0,0,0,0,0,1,0,0,1,0,0,1,0,10.66666667
61,0.142857143,0.25,0.25,1,0,0,1,1,0,1,0,1,1,1,1,1,1,1,1,1,0.08,1,0,1,0,0,1,1,0,0,1,0,0,0,1,0,0,0,0,1,0,1,0,0,0,1,0,0,9.666666667
62,0.142857143,0.25,0.5,0,0.333333333,0,1,0,0,1,1,1,1,0,0.75,0.75,0.5,0,0,0,0.053333333,1,0,1,0,0,1,0,1,0,1,0,0,1,0,0,0,0,0,1,0,0,0,0,1,1,0,0,9
63,0.142857143,1,0.75,0,0.666666667,0,1,1,1,1,1,1,1,0,0.5,0.75,0.75,0.25,0.75,0.75,0.026666667,1,0,1,0,0,1,1,0,0,1,0,0,0,0,1,0,1,0,0,0,0,1,0,0,0,1,0,9.333333333
64,0,1,0.75,0,0.333333333,0,1,0,0,1,1,1,1,1,0.75,0.75,0.75,0.25,0.75,0.25,0,1,0,1,0,0,1,0,1,0,1,0,0,0,1,0,0,0,0,1,0,0,0,0,1,1,0,0,10
65,0.142857143,1,0.75,0.666666667,0.333333333,0,0,1,0,1,1,1,1,0,1,0.75,0.5,0,0.25,0,0.026666667,1,0,1,0,0,1,0,1,0,1,0,0,0,0,1,0,0,0,1,0,1,0,0,0,0,1,0,15.33333333
66,0,1,1,0,1,0,0,1,0,1,0,1,1,1,0,0.5,0.5,1,1,0.5,0.053333333,0,1,1,0,0,1,1,0,1,0,0,0,1,0,0,0,0,0,1,0,0,0,0,1,0,1,0,12.66666667
67,0.142857143,0.75,0.25,0,1,0,1,1,1,0,1,1,1,0,0.75,0.5,0.5,0,0.25,1,0.053333333,1,0,1,0,0,1,1,0,0,1,0,0,0,1,0,0,0,1,0,0,1,0,0,0,0,1,0,6.666666667
68,0,0.5,0.5,0.333333333,0.333333333,0,1,1,1,0,1,1,1,0,0.75,0,0.5,0,0.5,0.75,0.026666667,1,0,1,0,1,0,0,1,0,1,0,1,0,0,0,0,0,0,1,0,0,0,0,1,0,1,0,8.333333333
69,0,0.75,0.25,0.333333333,1,0,0,1,0,0,0,1,1,0,0.75,0.75,0.25,0.25,0.5,0.5,0.16,1,0,1,0,1,0,0,1,0,1,0,0,1,0,0,0,0,1,0,0,0,0,0,1,1,0,0,16
70,0.142857143,0.75,0.25,0.333333333,1,0,0,1,1,0,1,1,1,0,0.75,0.5,0.25,0,0,1,0,0,1,1,0,0,1,1,0,0,1,0,0,1,0,0,0,0,1,0,0,0,0,0,1,1,0,0,14.33333333
71,0,1,0.5,0,1,0,0,0,0,0,1,1,1,0,0.5,0.5,0.5,0,0,0.5,0,0,1,1,0,0,1,1,0,0,1,0,0,1,0,0,0,0,1,0,0,1,0,0,0,0,1,0,10
72,0,0.25,0.25,0,0.333333333,0.666666667,1,1,0,0,0,1,1,1,0.5,0.5,0.75,0.25,0.75,1,0.026666667,1,0,1,0,1,0,1,0,0,1,0,0,1,0,0,0,0,1,0,0,0,0,0,1,0,1,0,6.333333333
73,0.142857143,0.75,0.25,0,0,0,0,0,0,1,1,1,0,0,1,0.5,0.25,0.25,0.25,1,0.026666667,0,1,1,0,0,1,1,0,0,1,0,0,1,0,0,0,0,1,0,0,0,0,0,1,0,1,0,12.66666667
74,0.142857143,0.75,0.75,0,0.333333333,0,1,1,1,1,1,1,1,0,0.75,0.5,0.5,0.25,0.75,1,0.72,1,0,1,0,0,1,1,0,0,1,0,0,1,0,0,0,0,0,1,0,0,1,0,0,0,1,0,11.33333333
75,0,1,0.75,0,0.333333333,0,0,1,1,1,1,1,1,0,0.75,0.5,0.5,0.25,0.5,1,0.08,0,1,1,0,0,1,1,0,0,1,0,0,0,0,1,0,0,1,0,0,0,1,0,0,0,1,0,9.333333333
76,0,1,0,0.333333333,1,0,0,0,0,1,1,1,1,0,0.5,0.75,0.5,0,0,0,0.106666667,0,1,1,0,0,1,1,0,0,1,0,0,0,0,1,0,0,1,0,0,1,0,0,0,0,1,0,10.66666667
77,0.142857143,0.5,0.5,0,1,0,0,0,1,0,1,1,1,1,1,0.25,0.5,0,0.5,0.5,0,1,0,1,0,0,1,1,0,0,1,0,0,1,0,0,0,0,1,0,0,0,0,0,1,0,1,0,11
78,0.285714286,0.5,0.25,0.333333333,0,1,1,1,0,1,1,0,1,0,0.75,1,0,0,0,0.5,0.026666667,0,1,1,0,0,1,1,0,0,1,0,0,1,0,0,0,0,1,0,0,0,1,0,0,0,1,0,8.666666667
79,0.142857143,0.75,1,0,0.333333333,0,0,1,0,0,1,1,1,0,0.25,0.75,0.5,0,0.25,0.5,0.16,1,0,1,0,0,1,1,0,0,1,1,0,0,0,0,0,0,1,0,0,1,0,0,0,0,1,0,5
80,0,0.5,0.75,0,0,0,1,1,1,1,0,1,1,1,0.5,0.25,0.25,0,0.5,0.5,0.026666667,0,1,1,0,0,1,1,0,0,1,0,0,1,0,0,0,0,0,1,0,1,0,0,0,1,0,0,11.33333333
81,0,0.5,0.75,0,0.666666667,0,1,0,1,0,0,1,1,0,1,0.5,0.25,0,0.25,1,0.053333333,0,1,1,0,0,1,1,0,0,1,0,0,1,0,0,0,0,1,0,0,0,1,0,0,0,1,0,10.66666667
82,0,0.75,0.5,0,0.333333333,0,0,1,1,0,1,1,1,0,0.75,0.75,0.75,0,0,1,0.133333333,1,0,1,0,0,1,0,1,0,1,0,0,0,1,0,0,0,1,0,0,0,0,0,1,0,1,0,6.333333333
83,0,0.5,0.5,0.333333333,0.333333333,0,0,0,1,1,1,1,1,0,1,0.5,0.5,0,0.5,0.75,0.053333333,0,1,1,0,0,1,0,1,0,1,0,0,0,1,0,0,0,0,1,0,0,1,0,0,0,1,0,15
84,0,0.25,0.25,0,0.333333333,0,0,1,0,1,0,1,1,0,0.75,0.5,0.25,0.25,0.5,0.75,0.026666667,1,0,1,0,0,1,1,0,0,1,0,0,1,0,0,0,0,1,0,0,0,1,0,0,1,0,0,9.666666667
85,0,1,1,0.333333333,0.333333333,0.666666667,0,0,1,0,1,1,1,1,0.75,0.75,0.75,0.25,0.5,1,0.08,1,0,1,0,0,1,1,0,0,1,0,0,0,1,0,0,0,0,1,0,0,0,0,1,1,0,0,8
86,0.142857143,0.5,0.5,0,0.333333333,0,0,1,0,0,1,1,0,0,0.75,0.5,0.75,0,0.25,0.25,0.053333333,1,0,1,0,0,1,0,1,0,1,1,0,0,0,0,0,0,1,0,0,1,0,0,0,0,1,0,7
87,0,1,0.5,0,0.666666667,0,0,1,0,1,1,1,1,0,1,0.5,0.5,0,0.5,0,0.053333333,1,0,1,0,0,1,1,0,0,1,0,0,1,0,0,0,0,1,0,0,0,0,0,1,0,1,0,13.66666667
88,0.142857143,0.5,0.5,0.333333333,0.333333333,0.333333333,0,0,1,1,0,1,1,0,0.75,0.75,0.25,0,0,0.5,0.16,0,1,1,0,0,1,1,0,0,1,0,0,0,1,0,0,0,1,0,0,0,0,0,1,1,0,0,10.33333333
89,0.142857143,1,1,0,0.333333333,0,0,1,0,0,1,1,0,0,0.75,0,0.5,0.5,1,1,0.24,0,1,1,0,0,1,0,1,1,0,0,0,0,0,1,0,1,0,0,0,0,0,0,1,0,1,0,7
90,0.142857143,0.75,0.75,0,0.666666667,0,0,1,1,0,1,1,1,1,0.75,0.5,0.5,0,0.5,0.75,0,1,0,1,0,0,1,1,0,0,1,0,0,1,0,0,0,0,1,0,0,0,1,0,0,0,1,0,7.333333333
91,0,1,0.75,0,0,0,0,0,1,1,1,1,1,0,0.75,1,1,0,0.5,0,0.053333333,1,0,1,0,0,1,1,0,0,1,0,0,0,1,0,0,0,1,0,0,0,0,0,1,0,1,0,17
92,0.142857143,0.75,0.25,0,0.333333333,0,1,1,0,0,1,1,0,0,0.5,0.5,0.5,0.25,0.5,0.25,0.053333333,1,0,1,0,0,1,0,1,0,1,0,0,1,0,0,0,0,1,0,0,0,1,0,0,1,0,0,6.333333333
93,0.142857143,1,0.5,0.333333333,0.333333333,0,0,1,1,1,1,1,1,0,1,0.5,0.5,0,0,0,0,1,0,1,0,0,1,1,0,0,1,0,0,0,0,1,0,0,0,1,0,0,1,0,0,0,1,0,10.33333333
94,0,0.5,0.5,0,1,0,0,1,0,1,1,1,1,0,0.75,0.5,0.75,0,0,0.75,0.08,0,1,1,0,0,1,0,1,0,1,0,0,0,1,0,0,1,0,0,0,0,0,0,1,0,1,0,12.66666667
95,0,0.25,0.25,0.333333333,1,0.333333333,1,1,1,1,1,1,1,0,0.5,0,0.25,0,0,0,0.026666667,1,0,1,0,1,0,1,0,0,1,1,0,0,0,0,0,0,1,0,0,0,1,0,0,0,1,0,9
96,0.142857143,1,0.75,0.333333333,0,0,1,1,0,1,0,1,1,0,0.5,0.5,0.5,0,0,0.75,0.026666667,0,1,1,0,1,0,1,0,0,1,0,0,0,1,0,0,0,1,0,0,0,0,0,1,0,1,0,13.66666667
97,0.142857143,0.5,0.25,0,0.333333333,0,0,1,1,0,1,1,0,1,0.75,0.5,1,0,0,1,0.026666667,1,0,1,0,0,1,1,0,0,1,0,0,1,0,0,0,0,1,0,0,1,0,0,0,0,1,0,9
98,0.142857143,1,1,0,0,0,0,0,0,1,0,1,1,0,1,0.5,0.75,0,0.25,0,0.08,1,0,1,0,0,1,1,0,0,1,0,0,1,0,0,0,0,1,0,0,0,0,0,1,0,1,0,13
99,0.142857143,1,0.75,0,0.666666667,0,1,1,1,0,1,1,1,0,1,0.5,1,0,0,0.5,0,1,0,1,0,0,1,1,0,0,1,0,0,1,0,0,1,0,0,0,0,1,0,0,0,0,1,0,8
100,0.142857143,1,1,0,0,0,1,1,1,1,1,1,1,0,0.75,1,1,1,1,0.75,0.186666667,0,1,1,0,0,1,1,0,0,1,0,0,0,1,0,0,0,0,1,0,0,0,1,0,0,1,0,6.333333333
101,0.142857143,1,1,0,0.666666667,0,0,1,0,1,1,1,1,1,0.75,0.75,0.5,0,0,0.75,0,0,1,1,0,0,1,1,0,0,1,0,0,0,1,0,0,0,0,0,1,0,0,1,0,1,0,0,16.66666667
102,0,1,1,0,0,0,0,1,0,1,0,1,1,0,1,0.5,0.5,0,0,1,0.053333333,0,1,1,0,0,1,1,0,0,1,0,0,0,1,0,0,0,1,0,0,1,0,0,0,0,1,0,12.33333333
103,0,0.75,0.5,0.333333333,0.333333333,0,1,1,1,0,1,1,1,0,0.75,0.5,1,0,0,0.25,0.346666667,1,0,1,0,0,1,1,0,0,1,0,0,0,1,0,0,0,1,0,0,0,1,0,0,0,1,0,6.333333333
104,0,0.75,1,0,0.333333333,0,0,1,1,1,1,1,1,0,1,0.75,0.75,0,0,0,0,0,1,1,0,0,1,1,0,1,0,0,0,0,1,0,0,0,1,0,0,1,0,0,0,0,1,0,17.33333333
105,0,0.75,0.75,0,1,0,1,0,0,0,1,1,0,0,0.75,0.5,0.5,0,0,0.75,0.133333333,1,0,1,0,0,1,1,0,1,0,0,0,1,0,0,0,1,0,0,0,0,0,0,1,1,0,0,10.66666667
106,0,0.5,0.5,0,1,0,1,1,1,0,1,1,1,0,1,0,0.25,0,0,0.5,0.106666667,1,0,1,0,0,1,1,0,0,1,0,0,1,0,0,0,0,1,0,0,1,0,0,0,0,1,0,7.666666667
107,0.142857143,0.75,0.75,0,0.666666667,0,0,1,0,1,1,1,1,0,1,0.5,0.5,0,0,1,0.026666667,0,1,1,0,0,1,1,0,0,1,0,0,0,1,0,0,0,1,0,0,0,1,0,0,1,0,0,17.33333333
108,0,1,1,1,1,0,0,1,1,1,1,1,1,1,0,0.5,1,0.5,1,0,0.08,0,1,1,0,1,0,1,0,0,1,0,0,1,0,0,0,0,1,0,0,0,1,0,0,1,0,0,12
109,0.142857143,1,1,0,0.666666667,0,0,1,1,1,1,1,1,1,1,0.75,1,0,0,0.75,0.053333333,1,0,1,0,0,1,0,1,0,1,0,1,0,0,0,0,1,0,0,0,0,0,1,0,0,1,0,15
110,0,1,1,0,0,0,0,0,0,1,1,1,1,0,1,1,0.5,0,0,0.75,0.08,0,1,1,0,0,1,0,1,1,0,0,0,0,0,1,0,0,0,0,1,1,0,0,0,0,1,0,18.66666667
111,0.142857143,0.75,0.75,0,0.666666667,0.333333333,1,1,0,1,1,1,1,0,0.75,0,0.25,0,0,0.25,0,1,0,1,0,1,0,1,0,0,1,0,0,0,1,0,0,0,1,0,0,0,0,0,1,1,0,0,9
112,0.142857143,0.5,0.5,0,0.333333333,0.333333333,1,0,0,1,1,1,1,0,0.5,0,0.25,0,0,1,0.08,1,0,1,0,0,1,1,0,0,1,1,0,0,0,0,0,0,1,0,0,0,1,0,0,0,1,0,12
113,0,1,0.5,0,0,0,0,0,0,0,1,1,1,0,0.5,1,0.25,0,0,0.5,0.133333333,0,1,1,0,0,1,0,1,0,1,0,0,0,0,1,0,0,1,0,0,1,0,0,0,0,1,0,18.66666667
114,0,0.5,0.25,0,0.333333333,0,0,0,0,1,1,1,1,1,1,0.75,0.25,0,0,1,0.106666667,0,1,1,0,1,0,1,0,0,1,0,1,0,0,0,0,0,0,1,0,0,0,0,1,0,1,0,9
115,0.142857143,1,1,0,0.333333333,0,0,1,0,1,1,1,1,0,1,0.75,0.75,0,0.25,1,0.026666667,0,1,1,0,0,1,1,0,0,1,0,0,0,0,1,0,0,0,0,1,1,0,0,0,1,0,0,15.33333333
116,0,1,1,0.333333333,0.333333333,0,0,1,0,1,1,1,0,0,0.75,0.75,0.5,0,0,0.25,0.026666667,0,1,1,0,0,1,1,0,0,1,0,0,1,0,0,0,0,0,0,1,0,0,0,1,1,0,0,12.66666667
117,0.142857143,0.75,0.75,0.333333333,0,0,0,0,0,1,1,1,1,0,1,0.75,0.25,0,0,1,0,0,1,1,0,0,1,1,0,0,1,0,0,1,0,0,0,0,0,1,0,0,1,0,0,1,0,0,13.33333333
118,0.285714286,0.25,0.75,0.666666667,0.333333333,0.333333333,0,1,0,1,1,1,1,0,1,0.25,0.75,0,0.75,1,0.266666667,0,1,1,0,1,0,1,0,0,1,0,0,1,0,0,0,0,1,0,0,1,0,0,0,1,0,0,8
119,0,0.75,1,0,0,0,0,0,0,0,1,1,1,0,0.5,0.75,0.5,0,0.25,0.75,0.08,0,1,1,0,0,1,1,0,0,1,0,0,1,0,0,0,0,1,0,0,0,0,0,1,1,0,0,13.33333333
120,0,0.25,0.5,0,0.333333333,0,0,0,0,0,0,1,1,0,0.5,0.25,0.5,0,0.25,0,0.026666667,1,0,1,0,0,1,1,0,0,1,1,0,0,0,0,0,0,0,1,0,1,0,0,0,0,1,0,15.33333333
121,0,0.5,0.5,0,1,0,0,1,1,1,1,1,1,0,1,1,0.75,0,0.25,1,0.08,0,1,1,0,0,1,1,0,0,1,0,0,0,1,0,0,0,0,1,0,0,1,0,0,1,0,0,15
122,0.142857143,0.5,1,0.333333333,0.333333333,0,0,1,1,1,1,1,1,1,0.75,0.25,0.25,0,0.25,1,0.026666667,1,0,1,0,0,1,0,1,0,1,0,0,1,0,0,0,1,0,0,0,1,0,0,0,1,0,0,13
123,0.142857143,1,1,0,0,0,0,1,0,1,1,1,1,0,0.5,0.75,0.75,0,0.75,1,0.24,0,1,1,0,0,1,1,0,0,1,0,1,0,0,0,0,0,1,0,0,1,0,0,0,0,1,0,12.66666667
124,0.142857143,0.5,0.5,0,0.333333333,0,0,0,1,0,1,1,1,1,1,0.75,0.75,0,0,1,0,1,0,1,0,0,1,1,0,0,1,0,0,1,0,0,0,0,1,0,0,0,1,0,0,0,1,0,7.666666667
125,0,0.75,1,0,0,0,1,0,0,0,1,1,1,0,1,1,1,0.5,0.25,1,0,0,1,1,0,0,1,1,0,0,1,0,0,0,1,0,0,0,0,1,0,0,1,0,0,1,0,0,12.66666667
126,0,0.75,1,0,0.333333333,0,1,0,0,1,1,1,1,1,1,0.5,0.25,0,0,0,0,1,0,1,0,0,1,0,1,1,0,0,0,1,0,0,0,0,1,0,0,0,1,0,0,0,1,0,9.333333333
127,0.571428571,0,0.25,0,0.333333333,1,0,1,0,0,0,0,0,0,0.5,0.75,0.25,0,0,1,0.026666667,1,0,1,0,0,1,1,0,0,1,1,0,0,0,0,0,0,1,0,0,1,0,0,0,0,0,1,8
128,0.428571429,0.5,0.5,0,0,0.666666667,0,1,0,1,1,1,1,0,0.5,0.5,0.5,0,0.25,0.75,0,0,1,1,0,1,0,1,0,0,1,0,0,0,1,0,0,0,1,0,0,0,0,0,1,0,1,0,3.666666667
129,0.142857143,1,1,0,0,0,0,0,1,1,1,1,1,0,0.5,1,1,0.25,1,0.75,0.106666667,0,1,1,0,1,0,1,0,0,1,0,0,0,0,1,0,0,0,0,1,1,0,0,0,0,1,0,18
130,0,0.75,1,0.333333333,0.666666667,0.666666667,0,1,0,0,1,1,1,1,0.75,0.25,0.25,0.25,0.25,1,0,1,0,1,0,1,0,1,0,0,1,0,0,0,1,0,0,0,0,0,1,1,0,0,0,1,0,0,4
131,0,0.25,0.25,0.666666667,0,0,0,1,0,1,0,1,1,1,0.75,0.5,0.5,0,0.25,0.75,0,1,0,1,0,0,1,1,0,0,1,1,0,0,0,0,0,0,1,0,0,1,0,0,0,0,1,0,2.666666667
132,0.285714286,0.5,0.5,0,0,0,0,1,0,0,1,1,1,1,0.5,0.75,0.75,0,0.5,1,0.16,1,0,1,0,0,1,0,1,0,1,0,0,1,0,0,0,0,1,0,0,1,0,0,0,1,0,0,11.66666667
133,0.142857143,0.75,1,0,0,0,0,0,0,0,1,1,1,0,0.5,0.25,0,0,0.75,1,0.213333333,1,0,1,0,0,1,1,0,1,0,0,0,0,1,0,0,0,1,0,0,1,0,0,0,1,0,0,11.33333333
134,0,0.75,1,1,0.333333333,0,0,1,0,0,1,1,0,1,1,0.5,0.5,0,0,1,0,0,1,1,0,1,0,1,0,0,1,1,0,0,0,0,0,0,0,0,1,1,0,0,0,0,1,0,3
135,0,1,1,0,0.666666667,0,0,1,0,1,1,1,1,1,0.75,0.5,0.5,0,0,1,0,1,0,1,0,0,1,1,0,0,1,0,0,0,1,0,1,0,0,0,0,1,0,0,0,0,1,0,3.666666667
136,0.285714286,0.75,1,0.666666667,0.333333333,0,0,0,0,0,1,1,0,0,1,0.75,1,0.25,0.75,1,0,0,1,1,0,1,0,1,0,0,1,1,0,0,0,0,0,0,1,0,0,1,0,0,0,0,1,0,3.333333333
137,0.142857143,0.75,0.75,0.333333333,0,0.666666667,0,1,0,1,0,1,1,1,0.75,0.5,0.25,0,0,1,0,1,0,1,0,0,1,1,0,1,0,0,0,1,0,0,0,0,1,0,0,1,0,0,0,0,0,1,1.333333333
138,0.142857143,0.25,0.25,0,0.333333333,0.333333333,0,0,0,0,1,1,0,1,0.75,0.75,0.75,0,0.5,1,0,0,1,1,0,0,1,0,1,0,1,0,0,0,1,0,0,0,1,0,0,1,0,0,0,0,1,0,12.66666667
139,0,1,1,0.333333333,0,0,0,0,0,1,1,1,1,0,0.75,0.5,0.25,0,0,1,0,1,0,1,0,0,1,1,0,0,1,0,0,0,0,1,0,0,0,0,1,1,0,0,0,0,1,0,15.66666667
140,0,1,0.75,0.333333333,1,0,1,1,0,0,1,1,1,0,0.25,0.25,0.25,0,0,0.5,0,0,1,1,0,0,1,1,0,0,1,0,0,0,0,1,0,0,0,1,0,1,0,0,0,1,0,0,5.333333333
141,0.142857143,0.5,0.5,0.333333333,0,0.666666667,0,1,0,1,1,1,1,0,0.25,0.5,0.5,0.25,0.25,0.25,0.106666667,0,1,1,0,0,1,0,1,0,1,0,0,0,1,0,0,0,0,1,0,0,0,0,1,1,0,0,9
142,0,1,1,0,0.666666667,0,0,1,1,1,1,1,1,0,0.75,0.25,0.25,0,0,1,0.026666667,1,0,1,0,0,1,1,0,0,1,0,0,0,0,1,0,0,0,1,0,1,0,0,0,0,1,0,10.33333333
143,0.142857143,0.25,0.25,0,0,0,0,0,0,0,1,1,1,0,0.5,0.75,0.75,0.5,0.5,0,0.026666667,1,0,1,0,0,1,0,1,0,1,1,0,0,0,0,1,0,0,0,0,1,0,0,0,0,1,0,13.66666667
144,0.285714286,0.5,0.25,0,0,1,0,1,0,0,1,1,1,0,1,0.75,1,0,0.25,1,0,0,1,1,0,0,1,1,0,0,1,0,0,1,0,0,0,0,1,0,0,0,1,0,0,0,1,0,1.666666667
145,0,0.25,0.25,0,0.333333333,0,0,1,1,0,1,1,1,0,0.75,0.75,0.25,0,0.25,1,0,1,0,1,0,0,1,1,0,0,1,0,0,1,0,0,0,0,0,1,0,1,0,0,0,1,0,0,10
146,0,0.75,0.5,0,0.333333333,1,0,1,0,0,1,1,1,0,0.5,0.5,0.25,0,0,0.5,0,1,0,1,0,0,1,1,0,0,1,0,1,0,0,0,0,0,0,1,0,0,1,0,0,1,0,0,4.333333333
147,0,0.25,0.5,0,0.333333333,0,0,1,1,0,0,1,1,0,0.75,0.5,0.25,0,0,1,0.026666667,1,0,1,0,0,1,1,0,0,1,1,0,0,0,0,0,0,1,0,0,1,0,0,0,0,1,0,10.66666667
148,0.142857143,1,1,0,0,0,0,1,0,0,1,0,1,1,0.5,0.5,0.25,0.25,0,1,0,0,1,1,0,0,1,1,0,0,1,0,0,0,0,1,0,0,0,0,1,1,0,0,0,0,1,0,4.333333333
149,0,0.5,0.25,1,0,1,0,0,0,0,1,1,1,0,0.75,1,1,0.25,1,1,0,0,1,1,0,0,1,0,1,1,0,0,0,0,1,0,0,0,1,0,0,1,0,0,0,0,1,0,9
150,0.428571429,0.25,0.25,0,0,1,0,0,0,0,1,0,1,1,0.25,0.5,1,0.25,1,0.75,0,0,1,1,0,0,1,0,1,0,1,0,0,1,0,0,0,0,1,0,0,1,0,0,0,0,1,0,3.666666667
151,0.142857143,0.5,0.25,0,0,0.333333333,0,0,0,1,1,1,0,1,0.75,0.75,0.75,0.5,1,1,0.08,0,1,1,0,0,1,0,1,0,1,1,0,0,0,0,0,0,1,0,0,1,0,0,0,0,1,0,13
152,0,0.75,0.75,0.333333333,0.666666667,0.666666667,0,1,1,1,1,1,1,1,0.75,0.25,0,0.25,0.5,0.5,0.106666667,1,0,1,0,1,0,1,0,0,1,0,0,0,1,0,0,0,0,1,0,0,0,0,1,0,0,1,10
153,0.571428571,0.75,0.5,0,0,1,0,1,0,0,1,0,1,1,0.75,1,0.75,0,0,0.75,0,0,1,1,0,0,1,1,0,0,1,0,0,0,1,0,1,0,0,0,0,0,1,0,0,0,1,0,1.666666667
154,0.285714286,1,1,0,0,0,1,1,0,0,1,1,0,1,0.75,0.25,0,0,0,0.75,0,1,0,1,0,0,1,1,0,0,1,0,0,1,0,0,0,0,0,0,1,1,0,0,0,0,1,0,11.33333333
155,0,0.5,0.75,0,0.333333333,0,1,0,1,1,1,1,0,0,0.75,0.75,0.75,0,0,0,0.026666667,0,1,1,0,1,0,1,0,0,1,1,0,0,0,0,0,0,0,1,0,1,0,0,0,0,1,0,9
156,0.285714286,0.25,0.5,0,0,0,0,0,0,0,1,1,0,0,0.25,0.25,0.25,0.5,0.5,1,0.106666667,0,1,1,0,1,0,0,1,0,1,0,0,1,0,0,0,0,1,0,0,0,0,0,1,0,1,0,13.66666667
157,0.428571429,0.25,0.25,0.666666667,0,1,0,1,0,1,0,1,0,0,1,0.25,1,0,1,0.75,0.08,1,0,1,0,1,0,1,0,0,1,1,0,0,0,0,0,0,1,0,0,1,0,0,0,0,1,0,9
158,0.142857143,0.5,0.5,0.666666667,0,0,0,0,0,0,0,1,0,0,0.75,0.25,0.25,0,0.25,0.5,0.026666667,0,1,1,0,1,0,1,0,0,1,1,0,0,0,0,0,0,1,0,0,1,0,0,0,0,1,0,15.66666667
159,0.142857143,0.75,0.75,0,0.333333333,0.333333333,0,1,1,0,1,1,1,1,0.75,1,1,0.75,0.75,1,0.053333333,0,1,1,0,0,1,1,0,0,1,0,0,1,0,0,0,0,0,1,0,1,0,0,0,1,0,0,11.33333333
160,0.285714286,0.5,0.25,0.333333333,0,0.666666667,0,0,0,1,1,0,1,1,0.5,0.5,0.25,0.25,0.25,1,0,0,1,1,0,1,0,0,1,0,1,1,0,0,0,0,0,0,1,0,0,1,0,0,0,0,1,0,4.333333333
161,0,0.75,0.5,0.333333333,0.333333333,0.666666667,1,1,0,0,1,1,1,1,0.75,0.75,0.75,0,0.75,0.5,0.08,0,1,1,0,1,0,1,0,0,1,0,0,1,0,0,0,0,1,0,0,1,0,0,0,0,1,0,7
162,0.142857143,0.25,0.5,0.333333333,0,0.333333333,0,0,0,1,1,1,0,0,0.75,0.75,0.75,0.25,0.75,1,0,0,1,1,0,0,1,0,1,0,1,0,0,1,0,0,0,0,1,0,0,1,0,0,0,0,1,0,2.333333333
163,0.285714286,0.25,0.75,0,0,0,0,0,0,0,1,0,1,0,1,0.5,0.5,0,0.75,0.25,0.026666667,0,1,1,0,0,1,1,0,0,1,1,0,0,0,0,0,0,0,1,0,1,0,0,0,1,0,0,10
164,0.285714286,0.25,0.25,1,0.333333333,1,0,0,0,1,1,0,0,1,1,0.5,1,0,1,1,0,0,1,1,0,1,0,0,1,0,1,0,0,1,0,0,0,0,0,1,0,1,0,0,0,0,1,0,6.666666667
165,0.142857143,0.75,0.5,0.333333333,0,0.333333333,0,1,0,1,0,0,0,0,0.75,1,0.25,0,0,0.25,0.213333333,0,1,1,0,0,1,1,0,0,1,0,0,0,1,0,0,0,0,1,0,1,0,0,0,0,1,0,11.66666667
166,0.142857143,0.5,0.5,0,0.333333333,0,0,0,0,0,1,0,1,0,0.75,0.5,1,0.25,0.75,0.75,0.053333333,0,1,1,0,0,1,1,0,0,1,0,0,1,0,0,0,0,1,0,0,1,0,0,0,1,0,0,10
167,0.142857143,1,0.5,0,0.333333333,0,0,0,1,0,1,1,1,1,0.75,0.25,0.5,0,0,0.5,0,1,0,1,0,0,1,1,0,0,1,0,1,0,0,0,0,0,0,1,0,0,1,0,0,1,0,0,15
168,0.142857143,0.5,0.5,0,0.333333333,0,0,1,1,0,0,1,1,0,1,0,1,0,0,0.75,0,1,0,1,0,0,1,1,0,0,1,0,0,1,0,0,0,0,1,0,0,0,1,0,0,0,1,0,4.333333333
169,0.142857143,1,1,0,0.333333333,0,0,1,1,0,1,1,1,1,0.75,0.75,0.25,0,0,0.5,0,1,0,1,0,0,1,1,0,0,1,0,1,0,0,0,0,1,0,0,0,0,0,0,1,0,1,0,14
170,0.142857143,0.75,1,0.666666667,0,0.666666667,0,1,0,1,0,1,1,0,0.5,0.75,1,0.25,0.75,0.25,0,0,1,1,0,0,1,1,0,0,1,0,0,1,0,0,0,0,1,0,0,1,0,0,0,1,0,0,3.666666667
171,0.142857143,0.25,0,0.333333333,0.333333333,0,0,1,1,1,1,1,1,1,0.75,0.5,0.25,0,0,0.5,0.026666667,0,1,1,0,0,1,1,0,0,1,0,0,1,0,0,0,0,1,0,0,0,0,0,1,0,1,0,14.66666667
172,0.285714286,1,1,0,0.333333333,0,0,1,1,1,1,1,1,0,0.75,0.75,0.75,0,0.5,1,0,0,1,1,0,0,1,0,1,0,1,0,0,0,0,1,0,0,1,0,0,0,0,0,1,0,1,0,11.33333333
173,0.142857143,0.25,0.75,0,0.333333333,1,0,0,0,1,0,1,1,1,0.75,0.5,1,0,0,0.5,0,1,0,1,0,0,1,1,0,0,1,1,0,0,0,0,0,0,0,1,0,0,1,0,0,0,1,0,5
174,0.142857143,0.75,0.75,0.333333333,0.333333333,0,0,1,1,1,1,1,1,0,0.75,0.75,1,0,0,0.75,0.053333333,1,0,1,0,0,1,0,1,0,1,0,0,1,0,0,0,0,1,0,0,0,0,0,1,0,1,0,10
175,0.285714286,1,0.75,0.333333333,0.333333333,0,0,0,1,1,1,1,1,0,0.75,0.75,0.75,0.75,0.75,0.75,0.053333333,0,1,1,0,0,1,0,1,0,1,0,0,0,0,1,0,0,1,0,0,1,0,0,0,0,1,0,9.333333333
176,0.142857143,0.5,0.5,0.333333333,0.333333333,0,0,0,1,1,0,1,1,0,0.5,0.75,0.75,0,0.75,1,0.026666667,1,0,1,0,0,1,1,0,0,1,0,0,0,1,0,0,0,1,0,0,0,0,0,1,0,1,0,12.33333333
177,0.285714286,0.75,0.75,0,0.333333333,0,0,0,0,1,0,1,1,0,0.75,0.5,0.75,0,0.75,0.75,0.053333333,0,1,1,0,0,1,1,0,0,1,0,0,1,0,0,0,0,1,0,0,0,0,0,1,1,0,0,5.666666667
178,0.142857143,1,0.5,0,0,0,0,1,0,1,1,1,1,1,0.75,0.5,0.5,0.5,0.75,0.5,0.133333333,0,1,1,0,1,0,1,0,0,1,0,0,0,0,1,0,0,0,1,0,0,0,1,0,0,1,0,9
179,0.285714286,1,0.75,0,0.333333333,0,0,1,0,1,1,1,1,1,1,0.25,0.5,0,0,0.25,0.053333333,0,1,1,0,0,1,1,0,0,1,0,0,1,0,0,0,0,1,0,0,1,0,0,0,0,1,0,10.33333333
180,0.142857143,1,0.75,0,0.333333333,0,0,1,1,1,1,1,1,0,0.5,0.75,0.5,0.25,0.5,0.5,0.133333333,0,1,1,0,0,1,1,0,0,1,0,0,0,0,1,0,0,1,0,0,0,1,0,0,0,1,0,8.333333333
181,0.142857143,0.75,0.75,0,0.333333333,0,0,0,1,1,1,1,1,1,0.75,0.25,0.5,0,0.25,0.5,0.026666667,0,1,1,0,0,1,1,0,0,1,0,0,0,1,0,0,0,1,0,0,0,1,0,0,0,1,0,12.33333333
182,0.285714286,0.5,1,0,0.333333333,0,0,1,0,1,1,1,0,0,1,0.75,0.25,0.25,0.5,1,0,1,0,1,0,0,1,1,0,0,1,0,0,0,1,0,0,0,0,1,0,0,0,0,1,1,0,0,16.66666667
183,0.285714286,0.75,0.75,0,0.333333333,0,0,1,0,1,1,1,1,1,1,0.5,0.5,0.25,0.5,0,0.746666667,1,0,1,0,0,1,0,1,0,1,0,0,1,0,0,0,0,1,0,0,0,0,0,1,0,1,0,8.666666667
184,0.142857143,0.75,0.5,0,0.333333333,0,0,1,1,0,1,1,1,0,0,0.25,0.25,0,0.25,0,0.186666667,1,0,1,0,0,1,1,0,0,1,0,0,1,0,0,0,0,1,0,0,0,0,0,1,0,1,0,12.33333333
185,0.285714286,0.75,0.75,0,0.333333333,0,0,1,0,1,1,1,1,1,0.75,0.5,0.75,0.25,0.5,0.75,0.16,0,1,1,0,0,1,1,0,0,1,0,0,0,1,0,0,0,0,1,0,0,0,1,0,0,1,0,11.66666667
186,0.142857143,0.25,0.5,0,0,0,0,1,1,1,1,1,1,1,0.5,0.5,0.5,0,0.25,0.5,0.026666667,0,1,1,0,0,1,1,0,0,1,0,0,0,1,0,0,0,0,1,0,0,0,1,0,0,1,0,11.33333333
187,0.142857143,0.5,0.25,0,0.333333333,0,0,0,1,1,1,1,1,1,0.75,0.25,0.5,0,0.25,1,0,0,1,1,0,0,1,0,1,0,1,0,0,1,0,0,0,0,1,0,0,1,0,0,0,0,1,0,15
188,0.285714286,0.75,0.75,0,0.333333333,0,0,1,0,0,0,1,1,1,0.5,0.5,0.5,0,0.5,0.5,0.08,1,0,1,0,0,1,1,0,1,0,0,1,0,0,0,0,0,1,0,0,0,0,0,1,0,1,0,8
189,0.285714286,0.25,0.5,0,0.333333333,0,0,0,0,0,1,1,0,0,0.5,0,0.5,0,1,0.5,0.053333333,0,1,1,0,1,0,1,0,0,1,1,0,0,0,0,0,0,1,0,0,0,1,0,0,0,1,0,9
190,0.142857143,0.5,0.75,0,0.333333333,0,0,0,0,0,1,1,1,0,0.75,0.5,0.5,0,0,0.25,0.133333333,1,0,1,0,0,1,1,0,0,1,0,0,0,1,0,0,0,0,1,0,1,0,0,0,0,1,0,12
191,0.285714286,0.25,0.25,0,0.333333333,0,0,0,0,1,1,1,1,0,1,0.5,0.5,0,0,0.5,0,1,0,1,0,0,1,1,0,0,1,1,0,0,0,0,0,0,0,1,0,1,0,0,0,0,1,0,8.333333333
192,0.285714286,0.25,0.5,0.333333333,0.333333333,0,0,0,1,1,0,1,1,0,0.75,0.75,0.75,0.75,1,1,0.16,0,1,1,0,0,1,1,0,0,1,1,0,0,0,0,0,0,0,1,0,0,0,1,0,0,0,1,7.666666667
193,0.142857143,0.75,0.75,0,0,0,0,1,0,1,1,1,1,0,0.75,0.5,0.25,0.5,0.75,1,0.106666667,0,1,1,0,1,0,1,0,0,1,0,0,0,1,0,0,0,0,1,0,0,0,0,1,0,1,0,9
194,0.142857143,0.5,0.75,0.333333333,0,0,0,0,0,0,1,1,1,0,1,0.5,0.5,0,0,0.5,0,0,1,1,0,0,1,1,0,0,1,0,0,1,0,0,0,0,1,0,0,0,1,0,0,1,0,0,13.66666667
195,0.285714286,0.5,1,0,0.333333333,0,0,0,0,1,1,1,1,1,0.75,0.5,0.25,0,0,1,0,1,0,1,0,0,1,0,1,0,1,0,0,0,1,0,0,0,0,1,0,1,0,0,0,1,0,0,14.66666667
196,0.285714286,1,1,0,0,0,0,0,0,0,1,1,1,0,1,0.25,0.5,0,0.25,1,0.053333333,0,1,1,0,0,1,1,0,0,1,0,0,0,1,0,0,0,0,0,1,0,1,0,0,0,1,0,16
197,0.142857143,0.75,0.75,0.666666667,0,0,0,1,1,1,1,1,1,0,0.5,0.5,0.75,0.5,1,0.5,0.106666667,0,1,1,0,1,0,0,1,0,1,0,0,0,0,1,0,0,1,0,0,0,1,0,0,1,0,0,9.333333333
198,0.285714286,1,1,0.333333333,0,0.333333333,0,1,0,0,1,1,1,0,0.75,0.25,0.75,0.25,0.5,0.25,0.32,1,0,1,0,0,1,1,0,0,1,0,0,0,1,0,0,0,0,0,1,0,1,0,0,0,1,0,18
199,0.142857143,1,1,0,0.333333333,0,0,1,1,0,1,1,1,0,0.75,1,0.25,0,0.25,0.5,0,1,0,1,0,0,1,0,1,0,1,0,0,0,0,1,0,0,0,0,1,0,0,0,1,0,1,0,9.333333333
200,0.142857143,1,0.75,0,0.333333333,0,0,1,0,1,1,1,1,0,0.75,0.5,1,0,1,0.25,0.026666667,1,0,1,0,0,1,1,0,0,1,0,1,0,0,0,0,0,1,0,0,0,1,0,0,0,1,0,16
201,0.142857143,0.5,0.75,0,0.333333333,0,1,1,1,1,1,1,0,0,0.75,0.75,0.5,0,0.5,0.75,0.08,1,0,1,0,0,1,1,0,0,1,0,0,1,0,0,0,0,1,0,0,0,0,0,1,0,1,0,9.333333333
202,0.285714286,0.25,0.25,0,0.333333333,0,0,1,1,0,0,1,0,0,0.75,0.75,0.75,0,0.5,0,0.053333333,1,0,1,0,0,1,1,0,0,1,0,0,1,0,0,0,0,1,0,0,1,0,0,0,0,1,0,9.333333333
203,0.285714286,0.5,0.5,0,0,0,0,1,0,0,1,1,1,0,1,0.5,0.25,0,0.25,0.5,0.24,1,0,1,0,1,0,1,0,0,1,0,0,1,0,0,0,0,1,0,0,0,0,0,1,0,1,0,6.333333333
204,0.142857143,0.5,0.5,0.333333333,1,0,0,1,1,1,0,1,1,0,1,0.5,1,0,0,1,0.08,1,0,1,0,1,0,1,0,0,1,0,0,0,1,0,0,0,0,1,0,0,0,0,1,0,1,0,10.33333333
205,0.285714286,0.75,1,0,0.666666667,0.333333333,0,1,1,0,1,1,1,1,0.75,0.75,0.5,0.5,0.75,1,0.373333333,1,0,1,0,0,1,1,0,0,1,1,0,0,0,0,0,0,0,1,0,0,1,0,0,0,1,0,9.333333333
206,0.142857143,0.75,0.25,0,0.333333333,1,0,1,1,0,1,1,1,0,0.25,0.5,0.5,0.25,0.25,0.75,0.066666667,1,0,1,0,0,1,1,0,1,0,0,0,0,1,0,0,0,1,0,0,1,0,0,0,0,1,0,7
207,0.142857143,1,0.75,0,0.333333333,0,0,0,1,1,1,1,1,1,0,0.5,0.25,0,0,0,0.133333333,1,0,1,0,0,1,1,0,0,1,0,0,0,0,1,0,0,1,0,0,0,0,1,0,0,1,0,12
208,0.142857143,0.25,0.25,0.333333333,0,0,0,1,1,0,1,1,0,0,0.75,0.5,0.25,0,0.75,1,0.08,1,0,1,0,0,1,1,0,0,1,1,0,0,0,0,0,0,1,0,0,0,1,0,0,0,1,0,9.333333333
209,0.285714286,1,0.75,0.333333333,0.666666667,0,0,1,1,1,1,1,1,1,0.75,0.75,0.25,0,0,0.75,0.08,1,0,1,0,1,0,1,0,0,1,0,0,0,0,1,0,0,1,0,0,0,0,0,1,0,1,0,7
210,0.571428571,0.75,0.75,0,1,0,0,1,1,1,1,1,1,0,0.75,0.5,0.5,0,0.25,0.5,0.133333333,1,0,1,0,0,1,1,0,0,1,0,0,1,0,0,0,0,1,0,0,0,0,0,1,0,0,1,8
211,0.285714286,1,1,0,0.333333333,0,0,1,1,0,1,1,1,1,1,0.5,1,0.75,1,0.5,0.173333333,0,1,1,0,0,1,0,1,0,1,0,0,0,1,0,0,0,1,0,0,0,1,0,0,0,1,0,12.33333333
212,0.142857143,0.5,0.5,0,0.333333333,0,1,1,1,0,1,1,1,0,0.5,0.5,0.75,0,0,0.75,0,1,0,1,0,0,1,1,0,1,0,0,0,1,0,0,0,0,1,0,0,0,0,0,1,0,1,0,13
213,0.428571429,0.5,0.5,0,0.333333333,0.333333333,0,1,1,1,1,1,1,0,0.75,0.75,0.75,0.25,0.75,1,0.2,0,1,1,0,0,1,1,0,0,1,0,0,0,1,0,0,0,1,0,0,0,1,0,0,0,1,0,7
214,0.285714286,1,1,0,0,0,0,1,1,0,1,1,0,0,1,0.25,0,0,0.25,0.5,0.16,1,0,1,0,1,0,0,1,0,1,0,0,0,1,0,0,0,1,0,0,0,0,1,0,0,1,0,9.333333333
215,0.285714286,0.75,0.5,0.333333333,0.333333333,0,0,0,1,0,1,1,1,0,0.75,0.75,0.75,0,0.5,0,0.026666667,1,0,1,0,0,1,0,1,0,1,0,0,1,0,0,0,0,1,0,0,0,0,0,1,0,1,0,14.66666667
216,0.285714286,1,0.75,0,0.333333333,0.666666667,0,0,1,0,1,1,1,1,0.5,0.75,1,0.25,0.75,0,0.293333333,1,0,1,0,0,1,1,0,0,1,0,0,1,0,0,0,0,1,0,0,0,0,0,1,0,1,0,5.333333333
217,0.428571429,0.75,0.75,0,0.333333333,0.333333333,0,1,1,0,1,1,1,0,0.5,0.25,0.75,0.25,0.75,0.75,0.173333333,0,1,1,0,0,1,0,1,0,1,0,0,0,1,0,0,1,0,0,0,0,1,0,0,1,0,0,6.666666667
218,0.285714286,0.5,0.75,0.333333333,0,0,0,1,1,0,1,1,0,0,0.5,0.5,0.5,0,0.75,0.5,0.04,1,0,1,0,0,1,1,0,0,1,1,0,0,0,0,0,0,1,0,0,0,1,0,0,1,0,0,7.333333333
219,0.285714286,0.5,0.5,0,0.666666667,0,0,1,1,1,1,1,1,0,0.75,0.5,0.5,0,0,0.75,0.053333333,1,0,1,0,0,1,1,0,0,1,1,0,0,0,0,1,0,0,0,0,1,0,0,0,0,1,0,9.666666667
220,0.285714286,0.5,0.25,0.333333333,0.333333333,0,0,1,0,1,1,1,1,0,0.75,0.25,1,0,0.25,1,0.026666667,1,0,1,0,1,0,1,0,0,1,1,0,0,0,0,0,0,0,1,0,0,0,0,1,0,1,0,6
221,0.285714286,0.25,0.25,0,0.666666667,0.333333333,0,1,0,1,1,1,0,1,0.75,0.5,0.75,0,0,1,0,1,0,1,0,0,1,1,0,0,1,1,0,0,0,0,0,0,1,0,0,0,0,0,1,0,1,0,3.666666667
222,0.142857143,0.5,0.75,0,0.333333333,0,1,0,0,0,1,1,1,0,0.25,0.5,0,0,0,0.5,0.026666667,1,0,1,0,0,1,1,0,0,1,0,0,0,1,0,0,0,0,0,1,0,0,1,0,0,1,0,16.33333333
223,0.428571429,0.5,0.5,0.333333333,0.333333333,0,0,1,1,0,1,1,1,0,0.5,0.5,0.5,1,1,0.75,0,0,1,1,0,0,1,1,0,0,1,0,0,1,0,0,0,0,1,0,0,0,1,0,0,0,1,0,12.66666667
224,0.142857143,1,1,0,0.666666667,0,0,1,0,1,0,1,1,0,1,0.5,0.25,0,0,1,0,1,0,1,0,0,1,1,0,0,1,0,0,0,0,1,0,0,0,1,0,0,1,0,0,0,1,0,13.33333333
225,0.428571429,0.75,0.25,0,0.333333333,0.333333333,0,0,0,1,1,1,1,1,1,0.5,0.5,0,0,0.75,0.213333333,1,0,1,0,1,0,1,0,0,1,0,0,1,0,0,0,0,1,0,0,0,0,0,1,0,1,0,8
226,0.285714286,0.75,0.5,0,0.333333333,0,0,0,0,1,0,1,1,0,1,0.5,0.75,0,0.5,0.5,0.133333333,1,0,1,0,0,1,1,0,0,1,0,0,1,0,0,0,0,1,0,0,1,0,0,0,0,1,0,15.33333333
227,0.285714286,0.5,0.75,0,0.333333333,0,0,1,1,0,0,1,1,0,1,0.5,0.5,0,0.5,0.5,0.026666667,0,1,1,0,0,1,0,1,0,1,0,0,0,1,0,0,0,0,1,0,0,0,0,1,1,0,0,11.66666667
228,0.428571429,0.5,0.25,1,0.333333333,0,1,1,1,1,1,1,1,1,0.75,0.5,0.25,0.75,1,0.5,0.186666667,0,1,1,0,0,1,0,1,0,1,1,0,0,0,0,0,0,1,0,0,1,0,0,0,0,1,0,9
229,0.285714286,0.5,0.25,0.333333333,0.666666667,0,0,0,0,1,1,1,1,1,0.5,0.25,0.5,0,0.25,0.5,0.133333333,1,0,1,0,0,1,1,0,1,0,0,0,1,0,0,0,0,1,0,0,1,0,0,0,0,1,0,11.33333333
230,0.285714286,1,0.75,0,0.333333333,0,0,0,0,1,1,1,1,1,0.5,0.25,0.5,0,0.25,0.5,0.186666667,1,0,1,0,0,1,0,1,0,1,0,1,0,0,0,0,0,1,0,0,0,0,0,1,1,0,0,13.33333333
231,0.285714286,0.5,0.5,0.333333333,0.333333333,0,0,1,1,1,1,1,1,0,0.75,1,0.25,0,0,0,0.053333333,0,1,1,0,1,0,1,0,0,1,0,0,1,0,0,0,0,1,0,0,1,0,0,0,1,0,0,11
232,0.285714286,1,1,0,0.333333333,0,1,1,0,1,1,1,1,1,0.75,1,1,0,0.5,0.25,0.186666667,0,1,1,0,0,1,1,0,0,1,0,0,0,0,1,0,0,0,0,1,0,0,0,1,0,1,0,9.666666667
233,0.142857143,1,1,0,0.333333333,0,0,1,1,1,1,1,1,0,0.75,0.25,0.75,0.25,0.75,0,0.026666667,0,1,1,0,0,1,1,0,0,1,0,1,0,0,0,0,0,1,0,0,0,0,0,1,1,0,0,13.33333333
234,0.142857143,0.25,0.25,0.333333333,0.333333333,0,0,1,1,0,1,1,1,0,0.5,0.75,0.25,0,0,1,0.24,0,1,1,0,0,1,0,1,0,1,0,0,1,0,0,0,0,1,0,0,0,1,0,0,0,1,0,7.333333333
235,0.142857143,0.75,0.5,0.333333333,0.666666667,0,0,0,0,1,1,1,1,1,1,0.5,0.5,0,0.5,0.25,0.133333333,0,1,1,0,0,1,1,0,0,1,1,0,0,0,0,0,0,1,0,0,0,0,0,1,0,1,0,10
236,0.285714286,0.5,0.5,0,0.333333333,0,0,0,1,1,0,1,1,1,0.75,0.75,0.25,1,1,0.75,0.053333333,0,1,1,0,0,1,0,1,0,1,0,0,1,0,0,0,0,1,0,0,0,1,0,0,1,0,0,13.33333333
237,0.142857143,0.5,0.25,0,0,0,0,0,0,0,1,1,1,1,0.75,1,0.25,0,0,1,0.266666667,1,0,1,0,0,1,1,0,0,1,0,0,1,0,0,0,0,1,0,0,0,1,0,0,0,1,0,12.33333333
238,0.285714286,0.5,0.25,0.666666667,0.333333333,0,0,0,0,1,1,1,0,0,0.25,0,0,0,0,0.5,0.026666667,1,0,1,0,1,0,1,0,0,1,1,0,0,0,0,0,0,0,1,0,1,0,0,0,0,1,0,11.66666667
239,0.428571429,0.5,0.5,0,0.333333333,0.333333333,0,0,0,0,1,0,1,0,1,1,0.75,0.5,1,0.25,0,0,1,1,0,0,1,1,0,0,1,0,0,1,0,0,0,0,0,1,0,0,0,0,1,1,0,0,4.666666667
240,0.285714286,1,0.75,0.333333333,0.333333333,0,0,0,0,1,1,1,1,1,0.25,1,1,0,0.75,1,0.186666667,0,1,1,0,0,1,0,1,0,1,0,1,0,0,0,0,0,1,0,0,1,0,0,0,0,1,0,12
241,0.285714286,1,1,0.333333333,0.333333333,0,0,1,1,0,1,1,1,0,0.5,0.5,0.5,0.25,0.5,0.75,0.026666667,0,1,1,0,1,0,0,1,1,0,0,0,0,0,1,0,0,1,0,0,1,0,0,0,0,1,0,11
242,0.142857143,1,0.75,0,0,0,0,0,0,1,0,1,1,0,1,0.75,1,0,0,0.5,0,0,1,1,0,0,1,0,1,0,1,0,0,0,0,1,0,0,1,0,0,1,0,0,0,0,1,0,2
243,0.142857143,1,1,0,0,0,0,0,0,1,1,1,1,0,1,0.5,0.25,0,0.25,1,0,0,1,1,0,0,1,1,0,0,1,0,0,0,1,0,0,0,0,1,0,1,0,0,0,0,1,0,12.33333333
244,0.428571429,0.5,0.25,0.333333333,0.666666667,0,0,1,1,0,0,1,1,1,0.75,0.75,0.75,0,0,0.5,0,1,0,1,0,0,1,1,0,0,1,0,0,1,0,0,0,0,1,0,0,1,0,0,0,0,0,1,2.333333333
245,0.142857143,0.5,0.25,0.666666667,0,0,0,0,0,0,1,1,1,0,0.75,0.5,0.5,0,0,0.75,0.08,0,1,1,0,0,1,1,0,0,1,0,0,1,0,0,0,0,1,0,0,1,0,0,0,0,1,0,18
246,0.285714286,0.5,0.75,0.333333333,0,0,0,0,0,0,1,1,1,0,1,0.25,0.25,0,0,0.25,0.053333333,0,1,1,0,0,1,1,0,0,1,0,0,1,0,0,0,0,1,0,0,1,0,0,0,1,0,0,12.33333333
247,1,0.75,0.25,0,0,1,0,0,0,0,0,0,1,1,1,0.75,1,1,1,0,0.213333333,0,1,1,0,0,1,1,0,0,1,0,0,0,1,0,0,0,0,1,0,0,0,1,0,0,1,0,7.333333333
248,0.428571429,0.75,0.75,0,0.333333333,0.333333333,0,1,0,0,1,1,1,1,0.75,0.5,0.5,0,0.5,1,0.106666667,0,1,1,0,1,0,0,1,0,1,0,0,1,0,0,0,0,0,1,0,1,0,0,0,0,1,0,4.333333333
249,0.142857143,0,0.5,0,0,0,0,0,1,0,0,1,1,0,0.75,0.5,0.25,0.25,0.75,1,0,0,1,1,0,0,1,1,0,0,1,0,0,1,0,0,0,0,1,0,0,0,0,1,0,0,1,0,14.33333333
250,0.428571429,0.75,0.5,0.333333333,0,0.333333333,0,0,0,0,1,0,1,0,0.75,0.75,1,0.25,0.75,1,0,0,1,1,0,0,1,1,0,0,1,0,0,0,1,0,0,0,1,0,0,1,0,0,0,0,1,0,7.333333333
251,0.142857143,0.75,0.75,0.666666667,0.333333333,0,1,1,0,0,0,1,1,0,1,0.5,0.5,0,0.5,0.25,0.08,0,1,1,0,0,1,1,0,0,1,1,0,0,0,0,0,0,1,0,0,0,0,0,1,0,0,1,9
252,0.428571429,0.5,0.25,0,0,0.333333333,0,0,0,0,0,0,1,0,0.5,0.25,1,0.25,1,1,0.053333333,0,1,1,0,0,1,1,0,0,1,0,0,0,1,0,0,0,0,1,0,0,0,1,0,0,1,0,7.666666667
253,0.142857143,0.5,0.25,0.333333333,0,0,0,0,0,1,0,1,0,0,0.5,0.5,0.25,0,0.5,0.5,0,0,1,1,0,1,0,1,0,0,1,0,0,1,0,0,0,0,1,0,0,1,0,0,0,0,1,0,8.333333333
254,0.285714286,0.5,0.25,0,0,0,0,0,0,0,0,1,1,0,0.75,0.75,0.25,0.25,0.75,1,0,0,1,1,0,1,0,1,0,0,1,0,0,1,0,0,0,0,1,0,0,1,0,0,0,0,1,0,10.66666667
255,0.285714286,0.25,0.25,0.333333333,0,0.333333333,0,1,0,1,1,1,1,0,0.75,0.75,0.75,0,0.25,1,0.026666667,0,1,1,0,0,1,0,1,0,1,0,1,0,0,0,0,0,1,0,0,1,0,0,0,0,1,0,8
256,0.285714286,1,0.5,0,1,0,0,1,1,1,1,1,1,0,0.75,0.25,0.5,0,0,0.75,0.08,1,0,1,0,0,1,0,1,0,1,0,0,0,0,1,0,0,0,1,0,0,0,0,1,0,1,0,13
257,0.571428571,1,0.75,0,0.333333333,0,0,1,0,0,1,1,1,0,0.75,0.5,0,0,0,0,0.16,0,1,1,0,0,1,0,1,1,0,0,0,0,1,0,1,0,0,0,0,0,0,0,1,0,1,0,11
258,0.428571429,0.5,0.25,0,0.333333333,0,0,0,0,1,1,1,1,0,1,0.25,0.75,0,0.25,0.75,0.106666667,0,1,1,0,0,1,1,0,0,1,0,0,1,0,0,0,0,1,0,0,0,1,0,0,0,1,0,14.33333333
259,0.285714286,0.5,0.5,0,1,0,0,0,1,1,1,1,1,1,0.5,0.75,0,0,0,0.25,0,1,0,1,0,0,1,0,1,0,1,0,0,0,1,0,0,0,0,1,0,1,0,0,0,1,0,0,6.333333333
260,0.428571429,1,0.75,0,0.333333333,0,0,1,1,0,1,1,1,1,0.5,0,0.25,0,0.5,0.25,0.28,1,0,1,0,0,1,1,0,0,1,0,0,0,1,0,0,0,1,0,0,0,1,0,0,1,0,0,17.66666667
261,0.428571429,1,0.75,0,0.333333333,0,0,1,1,0,0,1,1,0,0.75,0.5,0.25,0,0,0.5,0.026666667,0,1,1,0,0,1,1,0,0,1,0,0,0,0,1,0,0,1,0,0,1,0,0,0,0,1,0,8
262,0.428571429,0.75,0.5,0,0.666666667,0,0,0,0,1,0,1,0,0,1,0.5,0.25,0,0,0.5,0.013333333,0,1,1,0,1,0,1,0,0,1,0,0,1,0,0,0,0,1,0,0,1,0,0,0,0,1,0,12.33333333
263,0.285714286,0.75,0.75,0,0.666666667,0,0,0,0,1,0,1,0,0,0.5,0.25,0.5,0,0,0.75,0.053333333,1,0,1,0,0,1,1,0,0,1,0,0,1,0,0,0,0,1,0,0,0,1,0,0,0,1,0,9.333333333
264,0.428571429,0.5,0.5,0,0.666666667,0,0,1,1,1,1,1,1,1,0.75,0.5,0.5,0,0,0.5,0,1,0,1,0,0,1,1,0,0,1,1,0,0,0,0,0,0,0,1,0,0,1,0,0,0,1,0,6.333333333
265,0.428571429,0.75,1,0.333333333,0.333333333,0,0,1,1,1,1,1,1,0,0.75,0.25,1,0.5,0.75,0,0.173333333,0,1,1,0,1,0,0,1,1,0,0,0,1,0,0,0,0,1,0,0,0,0,0,1,0,1,0,17
266,0.285714286,0.75,0.25,0,0.333333333,0,0,0,1,1,1,1,1,1,1,0.75,0.75,0.5,0.75,1,0.026666667,0,1,1,0,0,1,1,0,0,1,0,0,0,1,0,0,0,1,0,0,0,0,1,0,0,1,0,9.333333333
267,0.428571429,1,1,0.333333333,0.333333333,0,0,0,1,1,1,1,1,0,0.75,0.5,0.75,0.25,0.25,0.75,0.106666667,1,0,1,0,1,0,1,0,0,1,0,0,0,0,1,0,0,1,0,0,0,0,0,1,0,1,0,11
268,0.428571429,1,0.5,0,0.333333333,0,0,1,1,1,1,1,1,1,1,0.75,1,0,0.5,1,0.133333333,0,1,1,0,0,1,1,0,0,1,0,1,0,0,0,0,0,1,0,0,0,0,0,1,1,0,0,9.666666667
269,0.428571429,0.5,0.25,0.333333333,0.333333333,0,0,1,0,0,1,0,1,1,0.75,0.5,1,0,0.25,0.5,0,1,0,1,0,1,0,1,0,0,1,0,0,1,0,0,0,0,1,0,0,0,0,0,1,0,1,0,2
270,0.571428571,0.75,0.75,0,0.333333333,0.666666667,0,1,1,1,1,1,1,0,0.75,0.5,1,0.5,0.5,1,0.2,1,0,1,0,0,1,1,0,0,1,0,0,1,0,0,0,0,0,1,0,0,1,0,0,0,0,1,9
271,0.428571429,0.5,0.75,0,1,0,0,1,1,1,1,1,1,1,0.75,1,1,0,0.5,0.25,0.053333333,1,0,1,0,0,1,1,0,0,1,0,0,1,0,0,0,0,0,1,0,0,0,0,1,1,0,0,14.33333333
272,0.428571429,0.25,0.25,0.333333333,0.333333333,0,0,1,1,0,0,1,0,0,0.75,0.75,0.5,0,0,0.5,0.026666667,1,0,1,0,0,1,0,1,0,1,0,0,1,0,0,0,0,1,0,0,0,1,0,0,0,1,0,11
273,0.285714286,0.25,0.5,0,0.333333333,0,0,1,1,1,0,1,0,1,0.5,1,0.25,0.25,0.25,0,0.026666667,0,1,1,0,1,0,1,0,0,1,1,0,0,0,0,1,0,0,0,0,0,1,0,0,0,1,0,14.33333333
274,0.285714286,0.5,1,0.333333333,0.333333333,0,0,1,1,0,1,1,1,1,0.75,0.5,0.5,0,0,0,0.026666667,1,0,1,0,0,1,1,0,0,1,1,0,0,0,0,0,1,0,0,0,0,0,0,1,0,1,0,10
275,0.285714286,0.5,0.5,0.333333333,0.333333333,0,1,1,1,0,1,1,1,1,0.75,0.75,0.75,0.25,0.5,1,0.08,1,0,1,0,0,1,0,1,0,1,0,0,0,1,0,0,0,1,0,0,1,0,0,0,0,1,0,12
276,0.428571429,0.75,0.5,0.333333333,0.333333333,0,0,0,0,0,0,0,1,1,0.75,0,0,0,0,1,1,1,0,1,0,1,0,1,0,1,0,0,0,1,0,0,0,0,0,1,0,0,1,0,0,0,1,0,9.333333333
277,0.428571429,1,1,0.333333333,0,0,0,0,1,1,1,1,1,0,0.5,0.25,0.75,0,0.75,0.5,0.293333333,0,1,1,0,0,1,1,0,0,1,0,0,0,0,1,0,0,0,1,0,0,1,0,0,0,1,0,9
278,0.428571429,1,1,0,0.333333333,0.333333333,1,1,0,1,1,1,1,1,0.25,0.75,0.75,0,0,0.75,0.2,1,0,1,0,0,1,1,0,0,1,0,1,0,0,0,0,1,0,0,0,0,0,0,1,1,0,0,8.333333333
279,0.428571429,1,0.75,0.333333333,0,0,0,0,1,1,1,1,1,0,0.75,0.25,0.5,0,0.25,0,0.106666667,0,1,1,0,0,1,0,1,0,1,0,0,0,0,1,0,0,0,1,0,1,0,0,0,0,1,0,10.33333333
280,0.285714286,1,0.25,0.333333333,0,0,0,0,1,1,1,1,1,1,0.75,1,0.75,0.25,0.75,1,0.4,0,1,1,0,0,1,0,1,1,0,0,0,0,1,0,0,0,1,0,0,0,1,0,0,0,1,0,8
281,0.285714286,0.75,0.5,0,0,0.333333333,0,0,0,0,1,1,1,0,0.75,0.75,0.75,0.5,0.75,0.5,0.253333333,0,1,1,0,0,1,0,1,1,0,0,0,0,0,1,0,0,0,1,0,0,1,0,0,0,1,0,10
282,0.428571429,0.25,0.25,0.333333333,1,0,0,1,1,1,1,1,0,0,1,0.25,0.25,0,0,0.5,0.013333333,1,0,1,0,1,0,0,1,0,1,1,0,0,0,0,0,0,1,0,0,0,0,0,1,0,1,0,12
283,0.428571429,0.25,0.25,0.333333333,0.333333333,0,1,0,0,1,1,1,1,0,1,0.75,0.75,0,0,0.75,0.053333333,1,0,1,0,0,1,1,0,0,1,0,0,1,0,0,0,0,1,0,0,0,1,0,0,0,1,0,9
284,0.285714286,0.5,0.5,0,0.333333333,0,0,1,0,0,0,1,1,0,1,0.75,1,0,0.25,1,0.053333333,1,0,1,0,0,1,1,0,0,1,0,0,1,0,0,0,0,1,0,0,1,0,0,0,0,1,0,10
285,0.285714286,0.25,0.25,0,0.333333333,0,0,0,1,0,0,1,1,0,0.75,0.5,0.5,0,0.25,0.75,0.026666667,0,1,1,0,0,1,1,0,0,1,0,0,1,0,0,0,0,1,0,0,0,0,0,1,1,0,0,11
286,0.428571429,0.5,0.5,0,0.666666667,0,0,1,1,0,1,1,1,0,0.75,0.5,0.5,0,0.25,0.25,0.066666667,1,0,1,0,0,1,1,0,0,1,1,0,0,0,0,1,0,0,0,0,0,0,1,0,0,1,0,18.33333333
287,0.285714286,0.25,0.25,0,0.666666667,0,0,1,1,0,1,1,1,0,0.75,0.5,0.5,0,0,0.5,0.08,1,0,1,0,0,1,1,0,0,1,0,0,0,1,0,0,0,0,0,1,0,0,0,1,0,1,0,12.33333333
288,0.428571429,0.5,0.25,0,0.666666667,0,0,0,1,1,1,1,1,0,0.75,0.25,0.75,0,0.5,0.25,0.08,0,1,1,0,0,1,1,0,0,1,0,0,0,1,0,0,0,0,1,0,0,0,0,1,0,1,0,14.33333333
289,0.428571429,1,1,0,0.333333333,0,0,1,1,1,1,1,1,0,1,0.75,0.5,0,0,0.25,0.12,0,1,1,0,0,1,0,1,1,0,0,0,0,0,1,0,0,0,0,1,0,0,0,1,0,1,0,14.33333333
290,0.428571429,1,0.5,0,0.333333333,0,0,1,1,1,1,1,1,1,0.75,0.5,0.25,0,0.75,1,0.146666667,0,1,1,0,0,1,1,0,0,1,0,0,0,0,1,0,0,1,0,0,0,1,0,0,0,1,0,11.33333333
291,0.285714286,1,0.75,0,0.666666667,0,0,1,1,0,1,1,1,0,0.75,0.25,0.25,0,0.25,0.5,0,1,0,1,0,0,1,1,0,0,1,0,1,0,0,0,0,0,0,1,0,0,0,0,1,0,1,0,15
292,0.428571429,0.5,0.25,0,0.333333333,0.333333333,0,0,0,0,1,1,1,1,1,0.75,0.5,0,0,1,0.16,1,0,1,0,0,1,0,1,0,1,0,0,0,1,0,1,0,0,0,0,0,0,0,1,0,1,0,12.33333333
293,0.285714286,0.75,0.25,0.333333333,1,0,0,1,1,0,1,1,0,0,0.5,0,0.25,0,0,0.5,0.08,1,0,1,0,1,0,0,1,0,1,0,0,0,1,0,0,0,1,0,0,0,0,0,1,0,1,0,18
294,0.428571429,0.75,0.5,0.333333333,0.666666667,0,0,1,1,1,1,1,1,0,1,0.75,0.25,0,0,0.75,0.106666667,0,1,1,0,1,0,0,1,0,1,0,0,0,1,0,0,0,1,0,0,0,0,0,1,0,1,0,13.66666667
295,0.285714286,0.75,0.75,0,0,0,0,1,1,0,1,1,1,0,0.75,0.75,0.5,0,0.5,1,0.053333333,0,1,1,0,0,1,1,0,0,1,0,1,0,0,0,0,0,1,0,0,0,1,0,0,0,1,0,12.33333333
296,0.571428571,1,1,0.333333333,0.333333333,0,0,1,1,1,1,1,1,0,0.25,0.5,0.75,0.25,0.5,0.25,0,1,0,1,0,0,1,1,0,0,1,0,1,0,0,0,0,0,1,0,0,0,0,0,1,0,0,1,6.333333333
297,0.428571429,1,0.75,0.333333333,0.333333333,0,0,1,1,0,1,1,1,1,0.75,0.75,1,0,0.25,0.25,0.133333333,1,0,1,0,0,1,0,1,0,1,0,0,1,0,0,0,0,1,0,0,0,1,0,0,0,0,1,8.666666667
298,0.428571429,1,0.75,0,1,0,0,1,1,0,1,1,1,0,0.75,0.5,0.5,0,0,0.5,0,1,0,1,0,0,1,1,0,0,1,0,0,1,0,0,0,0,1,0,0,0,0,0,1,1,0,0,13.66666667
299,0.428571429,1,1,0,0,0,0,1,1,0,1,1,1,1,0,0.75,0.25,0.25,0.25,0,0.066666667,0,1,1,0,0,1,0,1,0,1,0,0,0,0,1,0,0,0,0,1,0,1,0,0,0,1,0,15.66666667
300,0.428571429,1,1,0,0.333333333,0,0,1,0,0,1,1,1,1,0.75,0.25,0.75,0,0,0.75,0.186666667,1,0,1,0,0,1,0,1,1,0,0,1,0,0,0,0,0,1,0,0,0,1,0,0,0,1,0,11
301,0.285714286,1,1,0.333333333,0,0,0,0,1,0,1,1,1,0,0.75,0,0,0.25,0.25,1,0,0,1,1,0,0,1,0,1,0,1,0,0,1,0,0,0,0,0,0,1,0,1,0,0,1,0,0,10.66666667
302,0.285714286,1,0.5,0.333333333,0.666666667,0,0,1,1,0,1,1,1,0,0.75,0.5,0.5,0,0,0.5,0,1,0,1,0,0,1,1,0,0,1,0,0,1,0,0,0,0,1,0,0,0,0,0,1,0,1,0,13.66666667
303,0.285714286,0.75,0.5,0,1,0,0,1,1,1,0,1,1,0,1,0.25,0.25,0,0.25,1,0,1,0,1,0,0,1,1,0,0,1,0,1,0,0,0,0,1,0,0,0,0,0,0,1,1,0,0,17.33333333
304,0.571428571,0.75,0.75,0,0.333333333,0.333333333,0,1,0,1,1,1,1,1,0.75,0.75,0.75,0,0,0.5,0.266666667,0,1,1,0,0,1,1,0,0,1,0,0,1,0,0,0,0,1,0,0,0,1,0,0,0,0,1,14
305,0.428571429,0.5,1,0,0.333333333,0.333333333,0,1,1,1,1,1,1,0,0.75,0.75,0.5,0,0,0.5,0.106666667,1,0,1,0,0,1,1,0,0,1,0,0,0,1,0,1,0,0,0,0,0,0,0,1,0,0,1,12.66666667
306,0.714285714,0.75,0.5,0,0,0,0,0,0,1,1,1,0,0,1,1,0.5,0,0,1,0,0,1,1,0,0,1,1,0,1,0,0,0,0,1,0,0,0,1,0,0,1,0,0,0,0,0,1,17.66666667
307,0.571428571,1,1,0.333333333,0,0.333333333,0,1,1,0,1,1,1,1,0.75,0.5,0.75,0,0,0.75,0.506666667,0,1,1,0,0,1,1,0,0,1,0,0,0,0,1,0,0,0,1,0,0,0,0,1,0,0,1,8.333333333
308,0.571428571,0.75,0.75,0,0.333333333,0.333333333,0,0,0,1,1,1,0,1,0.75,1,0.5,0,0.25,1,0,0,1,1,0,1,0,1,0,0,1,0,0,1,0,0,0,0,0,1,0,0,0,0,1,1,0,0,13
309,0.571428571,0.25,0.25,0,0.333333333,0.333333333,1,1,0,1,0,1,1,0,0.75,0.75,0.5,0,0.5,0.5,0.24,1,0,1,0,0,1,0,1,0,1,1,0,0,0,0,0,0,1,0,0,0,0,0,1,0,0,1,10.66666667
310,0.571428571,0.25,0.5,0,0.333333333,0.333333333,0,0,0,1,0,1,0,1,0.75,0.25,0.75,0.25,0.25,0.5,0,1,0,1,0,0,1,0,1,0,1,0,0,0,1,0,0,0,0,1,0,0,1,0,0,0,0,1,6
311,0.571428571,0.5,0.25,0.666666667,0.333333333,0,0,1,0,0,1,0,1,1,0.5,0.75,0,0,0,0.25,0.266666667,1,0,1,0,0,1,1,0,0,1,1,0,0,0,0,0,0,1,0,0,0,0,1,0,0,0,1,13
312,0.571428571,0.25,0.5,0,0.333333333,0.333333333,0,0,0,0,0,1,1,0,0.75,1,0.25,0.25,0.25,0.75,0.04,0,1,1,0,0,1,1,0,0,1,0,0,1,0,0,0,0,0,1,0,1,0,0,0,0,0,1,11.66666667
313,0.571428571,0.75,0.5,0.333333333,0.333333333,0.333333333,0,1,1,0,0,1,1,1,0.75,0.25,0.25,0,0.25,0,0.293333333,1,0,1,0,0,1,0,1,0,1,0,0,0,1,0,0,0,1,0,0,0,0,0,1,0,0,1,11.33333333
314,0.571428571,0.25,0.25,0,0.666666667,0.666666667,0,0,0,0,0,1,1,1,0.75,0,0.25,0,0,0.5,0.186666667,1,0,1,0,0,1,1,0,0,1,1,0,0,0,0,0,1,0,0,0,0,1,0,0,0,0,1,13.66666667
315,0.571428571,0.5,0.75,0,0.666666667,0.333333333,0,0,0,0,1,1,1,1,0.75,0,0.25,0,0,0.5,0.533333333,1,0,1,0,1,0,1,0,0,1,0,0,1,0,0,0,0,1,0,0,0,0,0,1,0,0,1,11.66666667
316,0.428571429,0.5,0.25,0.333333333,0.333333333,0,0,1,1,1,1,1,1,0,1,0.5,0.5,0,0.25,0,0,1,0,1,0,0,1,1,0,0,1,0,0,0,1,0,0,0,1,0,0,1,0,0,0,0,1,0,5.333333333
317,0.428571429,1,0.75,0,0.666666667,0,0,1,1,1,1,1,1,1,0.75,0.5,0.75,0,0,1,0.12,1,0,1,0,0,1,1,0,0,1,0,0,1,0,0,0,0,1,0,0,1,0,0,0,0,1,0,9.333333333
318,0.285714286,0.75,1,0,0.666666667,0,0,1,1,1,0,1,1,0,0.75,0.5,0.75,0.25,1,1,0,1,0,1,0,1,0,1,0,0,1,1,0,0,0,0,0,0,0,1,0,1,0,0,0,1,0,0,10.66666667
319,0.428571429,1,1,0,0.333333333,0,0,1,1,0,1,1,1,0,0.75,0.75,0.75,0.5,0.5,1,0.026666667,1,0,1,0,0,1,1,0,0,1,0,0,0,0,1,0,0,1,0,0,1,0,0,0,0,1,0,11
320,0.285714286,1,0.75,0,0.333333333,0,0,1,1,0,1,1,1,1,1,0.25,0.25,0,0.25,1,0.306666667,1,0,1,0,0,1,1,0,1,0,0,0,0,1,0,0,0,0,1,0,1,0,0,0,0,1,0,13
321,0.285714286,0.5,0.5,0,0.333333333,0,0,1,0,0,1,1,0,1,0.75,0.25,0.25,0,0,0.5,0.16,1,0,1,0,0,1,1,0,0,1,0,0,1,0,0,0,0,1,0,0,1,0,0,0,0,1,0,9.666666667
322,0.285714286,0.5,0.5,0,0.666666667,0,0,1,1,1,1,1,1,0,0.5,0.5,0.25,0.25,0.25,0.5,0.04,1,0,1,0,1,0,0,1,0,1,0,0,0,1,0,0,0,0,1,0,1,0,0,0,0,1,0,11
323,0.285714286,0.75,0.25,0,0.666666667,0,0,1,0,0,0,1,1,0,0.5,0.75,0.5,0.25,0.5,1,0.013333333,1,0,1,0,0,1,1,0,0,1,0,0,0,1,0,0,0,0,1,0,1,0,0,0,1,0,0,13.66666667
324,0.285714286,0,0.5,0.333333333,0.666666667,0,0,0,0,0,1,1,1,0,0.5,0.5,0.5,0.25,0.5,0.25,0,1,0,1,0,0,1,0,1,0,1,1,0,0,0,0,1,0,0,0,0,0,1,0,0,1,0,0,15.33333333
325,0.428571429,1,1,0,0.666666667,0,0,0,0,1,1,1,1,0,0.75,0.5,0.5,0.25,0.25,0.5,0.04,0,1,1,0,0,1,1,0,0,1,0,0,1,0,0,0,0,1,0,0,1,0,0,0,0,1,0,10.66666667
326,0.285714286,0.75,0.75,0,0,0,0,0,0,1,0,1,1,0,0.75,0.5,1,0.5,1,1,0.04,0,1,1,0,0,1,1,0,0,1,0,0,1,0,0,0,0,0,1,0,0,0,0,1,0,1,0,15
327,0.285714286,0.5,0.5,1,0,0,0,1,0,0,1,1,1,0,0.75,0.75,1,1,1,0.75,0.106666667,0,1,1,0,1,0,1,0,0,1,0,0,0,1,0,0,0,1,0,0,1,0,0,0,0,1,0,10.33333333
328,0.285714286,1,1,0,0.666666667,0,0,1,1,1,1,1,1,0,1,0.75,0.75,0,0.5,0.75,0.093333333,1,0,1,0,0,1,1,0,0,1,0,0,0,0,1,0,0,0,1,0,1,0,0,0,0,1,0,9.333333333
329,0.285714286,1,1,0.333333333,0.666666667,0,0,1,1,0,0,1,1,1,0.75,0.5,0.5,0,0.25,0.75,0.053333333,1,0,1,0,0,1,1,0,0,1,0,0,0,0,1,0,0,0,0,1,1,0,0,0,0,1,0,14
330,0.428571429,0.5,0.5,0,1,0,0,1,0,1,1,1,1,0,0.75,1,1,0.25,0.75,1,0.026666667,0,1,1,0,0,1,0,1,0,1,0,0,1,0,0,0,0,1,0,0,1,0,0,0,0,1,0,8.333333333
331,0.285714286,0.5,1,0,0.666666667,0,0,1,0,0,1,1,1,1,0.75,0.75,0.5,0,0,1,0.093333333,1,0,1,0,1,0,1,0,0,1,1,0,0,0,0,0,0,1,0,0,1,0,0,0,1,0,0,13.33333333
332,0.428571429,0.75,0.75,0,0.333333333,0,0,0,0,1,1,1,1,0,1,0.5,0.75,0,0,0.75,0,1,0,1,0,0,1,1,0,0,1,0,0,0,1,0,0,0,0,1,0,0,1,0,0,0,1,0,2.333333333
333,0.428571429,0.5,0.5,0,0.333333333,0,0,0,0,1,0,1,1,1,0.75,0.5,0.5,0,0,0.25,0,1,0,1,0,0,1,0,1,0,1,0,0,1,0,0,0,0,1,0,0,0,1,0,0,0,0,1,5.333333333
334,0.428571429,0.5,0.5,0.333333333,1,0,0,0,0,1,1,1,0,0,0.75,0.75,0.75,0,0,0.75,0,1,0,1,0,1,0,1,0,0,1,1,0,0,0,0,0,0,1,0,0,1,0,0,0,0,1,0,6.333333333
335,0.285714286,0.75,1,0,0.666666667,0,0,0,0,0,1,1,1,0,0.75,0.75,1,0,0.5,1,0.213333333,1,0,1,0,0,1,1,0,0,1,0,0,0,1,0,0,0,1,0,0,1,0,0,0,0,1,0,15.33333333
336,0.571428571,0.75,0.25,0,0.666666667,0.333333333,0,0,1,0,1,1,0,0,1,0.75,0.5,0,0.25,1,0.16,1,0,1,0,1,0,1,0,1,0,0,0,0,1,0,1,0,0,0,0,0,1,0,0,0,0,1,13.33333333
337,0.285714286,0.75,0.5,0,0.333333333,0,0,1,1,0,1,1,1,1,0.75,0.5,0.25,0.25,0.5,0.25,0,1,0,1,0,0,1,1,0,0,1,0,0,1,0,0,0,0,1,0,0,0,1,0,0,0,1,0,5
338,0.428571429,0.75,0.75,0,1,0,0,1,0,0,1,1,1,0,1,0.5,0.5,0,0,0,0.093333333,1,0,1,0,0,1,0,1,0,1,0,0,0,1,0,0,0,0,1,0,0,1,0,0,0,1,0,16
339,0.285714286,0.75,0.5,0,0.333333333,0,0,1,1,0,1,1,1,0,0.75,0.5,0.5,0.25,0.5,0.25,0.053333333,1,0,1,0,1,0,1,0,1,0,0,0,1,0,0,0,0,1,0,0,0,1,0,0,0,1,0,9.666666667
340,0.571428571,0.5,0.25,0,0.666666667,0.333333333,0,0,1,1,1,1,1,1,0.75,0.5,0.75,0,0.5,0.5,0.053333333,1,0,1,0,0,1,1,0,0,1,0,0,0,1,0,0,0,0,1,0,0,1,0,0,0,0,1,11.33333333
341,0.428571429,1,1,0,0.333333333,0.333333333,0,1,0,1,1,1,1,0,0.75,0.5,0.5,0.25,0.25,0.25,0,0,1,1,0,0,1,1,0,0,1,0,0,0,0,1,0,0,0,1,0,0,1,0,0,1,0,0,6.666666667
342,0.428571429,0.75,1,0,0.333333333,0,0,0,0,1,1,1,1,1,0.75,0.5,0.5,0,0.5,1,0.146666667,0,1,1,0,0,1,0,1,0,1,0,0,0,1,0,0,0,1,0,0,0,1,0,0,0,1,0,15.33333333
343,0.285714286,0.5,0.5,0,0.333333333,0.333333333,0,1,0,0,1,1,1,1,0.5,0.5,0,0,0.25,0.75,0,1,0,1,0,0,1,1,0,1,0,1,0,0,0,0,1,0,0,0,0,0,1,0,0,1,0,0,5.666666667
344,0.428571429,0.5,0.75,0,0.666666667,0,0,1,0,0,1,1,1,0,0.75,0.5,0.5,0,0.25,0.5,0.053333333,1,0,1,0,0,1,1,0,0,1,1,0,0,0,0,0,0,1,0,0,1,0,0,0,0,1,0,10.33333333
345,0.428571429,0.75,0.5,0,0.666666667,0,0,0,0,0,1,1,1,1,1,0.75,0.5,0.25,0.5,0,0.093333333,1,0,1,0,0,1,1,0,0,1,0,0,1,0,0,0,0,0,1,0,0,0,1,0,0,1,0,13.33333333
346,0.428571429,1,0.75,0,0.666666667,0,0,0,0,0,1,1,1,1,1,0.5,0.25,0,0.25,0.75,0.12,0,1,1,0,1,0,1,0,0,1,0,0,0,0,1,0,0,0,1,0,1,0,0,0,0,1,0,15.66666667
347,0.428571429,1,0.75,0,0.666666667,0,0,1,1,0,1,1,1,1,1,0.75,1,0.25,0.5,1,0,0,1,1,0,0,1,1,0,0,1,0,0,0,0,1,0,0,1,0,0,1,0,0,0,0,1,0,9.666666667
348,0.285714286,1,0.75,0,0.666666667,0,0,1,1,1,1,1,1,1,0.75,0.75,0.5,0,0.5,0.75,0,1,0,1,0,0,1,1,0,0,1,0,1,0,0,0,0,0,1,0,0,0,0,0,1,0,1,0,14.33333333
349,0.428571429,0.75,0.5,0.333333333,0,0.333333333,0,1,0,0,0,1,1,0,0.25,1,1,1,1,1,0.133333333,0,1,0,1,1,0,1,0,0,1,0,0,1,0,0,0,0,1,0,0,1,0,0,0,0,1,0,12.33333333
350,0.571428571,0.25,0.25,0.666666667,0.333333333,1,0,0,0,0,1,1,1,0,1,0.75,0.75,0.5,0.5,0.25,0.106666667,0,1,0,1,1,0,1,0,0,1,0,0,1,0,0,0,0,0,1,0,0,1,0,0,0,0,1,7.666666667
351,0.285714286,0.75,0.75,0.333333333,0.333333333,0,0,1,1,0,1,1,1,0,0.75,1,0.75,0.25,0.5,0.5,0.026666667,0,1,0,1,0,1,1,0,0,1,0,1,0,0,0,0,0,1,0,0,1,0,0,0,0,1,0,13
352,0.428571429,0.25,0.75,0,0,0.333333333,0,0,0,0,1,0,1,1,0.75,0.5,0.5,0.25,0.5,0.5,0.093333333,0,1,0,1,0,1,0,1,0,1,1,0,0,0,0,0,0,0,1,0,1,0,0,0,0,1,0,7.666666667
353,0.571428571,0.25,0.25,0.666666667,0,0.333333333,0,1,0,0,1,1,1,0,0.75,0.75,0.75,0.5,0.5,1,0.053333333,0,1,0,1,1,0,1,0,0,1,0,0,1,0,0,0,0,1,0,0,0,1,0,0,0,0,1,8
354,0.285714286,1,0.75,0.333333333,0.333333333,0,0,1,1,1,0,1,1,1,0.75,1,1,0,0.5,0.25,0.053333333,0,1,0,1,1,0,1,0,0,1,0,0,0,1,0,0,0,1,0,0,0,1,0,0,0,1,0,11.66666667
355,0.428571429,0.75,0.75,0,0.333333333,0,0,1,0,0,1,1,0,1,1,0.5,0.75,0,0,1,0,1,0,0,1,0,1,1,0,0,1,0,0,0,1,0,0,0,0,1,0,1,0,0,0,1,0,0,9.333333333
356,0.285714286,1,1,0.333333333,0.333333333,0,0,1,1,1,1,1,1,0,0.75,0.5,0.5,0,0.25,1,0.053333333,1,0,0,1,1,0,1,0,0,1,0,0,0,0,1,0,0,0,1,0,0,0,1,0,1,0,0,12.66666667
357,0.285714286,0.75,0.5,0.333333333,0.333333333,0,0,0,0,0,1,1,0,1,0,0.25,0.5,0,0.25,1,0.026666667,1,0,0,1,0,1,0,1,1,0,0,0,0,1,0,0,0,1,0,0,0,0,0,1,0,1,0,11.66666667
358,0.428571429,0.25,0.25,0.333333333,0,0,0,0,0,0,0,1,1,1,0.5,0.5,0.25,0,0.25,0.5,0.053333333,0,1,0,1,0,1,0,1,0,1,0,0,1,0,0,0,0,0,1,0,0,1,0,0,1,0,0,10
359,0.428571429,0.25,0.25,0.333333333,0.666666667,0,0,0,0,0,1,1,1,0,1,0.5,0.25,0,0,0.75,0,1,0,0,1,0,1,0,1,0,1,1,0,0,0,0,0,0,0,1,0,1,0,0,0,1,0,0,16.66666667
360,0.428571429,0.25,1,0.666666667,0.333333333,0,0,0,0,0,1,1,0,1,0.75,0.5,0.75,0,0.75,1,0,1,0,0,1,1,0,0,1,1,0,1,0,0,0,0,0,0,1,0,0,1,0,0,0,0,1,0,13
361,0.428571429,0.25,0.25,0.333333333,0.333333333,0.333333333,0,0,0,1,0,0,0,0,0.75,0.75,0.5,0.25,0.5,1,0.026666667,0,1,0,1,1,0,0,1,0,1,1,0,0,0,0,0,0,1,0,0,0,0,1,0,0,1,0,12.33333333
362,0.428571429,0.75,0.75,0.333333333,0.333333333,0,0,1,0,0,1,1,1,1,0.75,0.5,0.25,0,0.5,0.5,0,1,0,0,1,0,1,1,0,0,1,0,0,0,1,0,0,0,0,1,0,0,0,1,0,0,1,0,10.66666667
363,0.285714286,1,1,0,0.333333333,0,0,1,1,1,1,1,1,1,0.25,0.5,0.75,0,0,0,0,1,0,0,1,0,1,0,1,0,1,1,0,0,0,0,1,0,0,0,0,1,0,0,0,0,1,0,15.33333333
364,0.285714286,0.25,0.5,0.333333333,0.333333333,0,0,0,0,0,0,1,0,0,0.5,0.25,0.25,0,0.25,0.5,0,1,0,0,1,1,0,1,0,0,1,0,0,1,0,0,0,0,0,1,0,1,0,0,0,1,0,0,11.66666667
365,0.428571429,0.25,0.75,0.333333333,0.333333333,0,0,1,1,0,1,1,0,0,0.5,0.5,0.75,0.25,0.75,0.5,0.053333333,0,1,0,1,1,0,1,0,0,1,1,0,0,0,0,0,0,1,0,0,1,0,0,0,0,1,0,10
366,0.428571429,1,1,0.333333333,0.666666667,0,0,0,1,0,1,1,1,1,0.75,0.25,0.25,0.25,0.25,1,0,0,1,0,1,0,1,0,1,0,1,0,0,0,0,1,0,0,0,1,0,0,0,1,0,0,1,0,13
367,0.285714286,0.25,0.25,0.666666667,0,0.333333333,0,1,1,0,1,1,1,1,1,0.25,0,0,0.25,0,0,1,0,0,1,1,0,1,0,0,1,0,0,1,0,0,0,0,0,1,0,0,0,0,1,0,1,0,4.333333333
368,0.428571429,0.5,0.75,0.333333333,0,0,0,1,1,0,1,1,1,1,1,0.25,0.5,0,0.25,0.75,0,1,0,0,1,0,1,1,0,0,1,1,0,0,0,0,0,0,0,1,0,1,0,0,0,1,0,0,10.33333333
369,0.428571429,1,1,0.666666667,0.333333333,0,0,1,1,0,0,1,1,1,0.5,0.25,0.25,0.75,0.25,1,0.133333333,1,0,0,1,1,0,1,0,0,1,0,0,1,0,0,0,0,0,0,1,0,0,1,0,1,0,0,12.33333333
370,0.571428571,0.75,0.5,0.333333333,0.333333333,0.666666667,0,0,0,1,1,1,0,1,0.5,0.25,0.25,0,0,0.5,0.053333333,1,0,0,1,0,1,0,1,0,1,0,0,0,1,0,0,0,0,1,0,0,1,0,0,0,0,1,7.666666667
371,0.428571429,0.25,0.5,0.666666667,0,0,0,1,1,1,1,0,1,1,0.75,0.5,0.5,0.25,0.5,0.5,0.04,0,1,0,1,1,0,0,1,0,1,1,0,0,0,0,0,0,0,1,0,0,0,1,0,1,0,0,12.66666667
372,0.285714286,0.5,0.5,0,0.666666667,0,0,0,0,1,1,1,0,1,0.5,0.75,0.5,0,0,0.5,0.106666667,1,0,0,1,0,1,1,0,0,1,0,0,1,0,0,1,0,0,0,0,0,1,0,0,0,1,0,11.66666667
373,0.285714286,0.25,0.5,0,0,0,0,0,0,1,1,1,1,0,0.5,1,1,0,0.5,0,0.186666667,1,0,0,1,1,0,1,0,0,1,0,0,1,0,0,0,0,1,0,0,1,0,0,0,0,1,0,5.333333333
374,0.428571429,1,1,0.333333333,0.666666667,0,0,0,0,0,1,1,1,0,1,0.75,0.75,0,0,0,0,1,0,0,1,1,0,0,1,0,1,0,0,1,0,0,0,0,1,0,0,0,0,0,1,0,1,0,18.66666667
375,0.428571429,0.25,0.25,1,0.666666667,0,0,0,0,0,1,1,1,0,0.75,0.5,0.25,0,0.25,0.75,0.026666667,1,0,0,1,1,0,1,0,0,1,0,0,1,0,0,0,0,1,0,0,0,1,0,0,0,1,0,8.666666667
376,0.714285714,1,0.5,0.333333333,0.666666667,0.666666667,0,1,1,0,0,1,1,1,1,0.75,0.5,0,0,0.5,0.053333333,1,0,0,1,0,1,1,0,0,1,0,1,0,0,0,0,0,1,0,0,1,0,0,0,0,0,1,14.66666667
377,0.428571429,1,1,0,0.333333333,0,0,0,1,1,1,1,1,0,1,0.75,0.5,0.5,0.75,0.25,0.053333333,1,0,0,1,1,0,0,1,0,1,0,0,0,0,1,0,0,0,1,0,1,0,0,0,0,1,0,9
378,0.428571429,0.75,0.75,0,0.333333333,0,0,0,1,0,1,1,1,1,0.75,0,0.5,0,0.25,0,0,1,0,0,1,0,1,1,0,0,1,0,0,1,0,0,0,0,1,0,0,0,1,0,0,0,1,0,15
379,0.285714286,0.75,0.25,0,0.333333333,0,0,1,1,1,0,1,1,0,0.75,1,0.75,0.25,0.5,0,0.226666667,1,0,0,1,1,0,1,0,0,1,1,0,0,0,0,0,0,1,0,0,0,0,0,1,0,1,0,10
380,0.428571429,1,1,0,0.333333333,0,0,0,1,1,0,1,1,0,0.5,0.25,0.75,0,0.75,0.25,0.053333333,0,1,0,1,0,1,1,0,0,1,0,0,0,0,1,0,0,0,0,1,0,1,0,0,1,0,0,14.33333333
381,0.428571429,0.5,0.25,0.333333333,0,0,0,0,0,1,0,1,1,1,0.75,0.75,0.5,0,0.5,1,0.066666667,0,1,0,1,1,0,1,0,0,1,0,0,1,0,0,0,0,1,0,0,0,0,1,0,0,1,0,6.666666667
382,0.285714286,0.5,0.75,0.333333333,0.333333333,0,0,0,0,1,1,1,1,0,0.75,0.75,0.5,0,0,0.5,0.026666667,0,1,0,1,0,1,1,0,0,1,0,0,1,0,0,0,0,0,1,0,0,1,0,0,1,0,0,10.66666667
383,0.571428571,0.25,0.25,0.333333333,0,0.333333333,0,0,0,0,1,1,0,0,0.75,0.5,0.25,0,0.5,1,0,0,1,0,1,1,0,1,0,0,1,0,0,1,0,0,0,0,0,1,0,0,0,1,0,0,1,0,3.666666667
384,0.428571429,1,0.5,0.333333333,0,0.333333333,0,0,1,0,1,1,0,0,1,0.75,0.5,0.75,0.5,0.5,0.186666667,0,1,0,1,1,0,1,0,0,1,0,0,1,0,0,0,0,1,0,0,0,1,0,0,1,0,0,5.333333333
385,0.428571429,0.5,0.5,0.333333333,0.666666667,0,0,0,1,0,1,1,0,0,1,0.5,0.5,0,0.5,0.75,0.026666667,1,0,0,1,1,0,1,0,0,1,1,0,0,0,0,0,0,1,0,0,0,0,1,0,0,1,0,9.666666667
386,0.428571429,1,1,0.666666667,0,0,0,1,1,1,1,1,1,1,0.75,0.75,0.5,0.25,0.25,1,0.093333333,1,0,0,1,1,0,1,0,0,1,0,0,0,0,1,1,0,0,0,0,0,0,0,1,0,1,0,5.666666667
387,0.571428571,0.5,0.75,0,0.666666667,0.333333333,0,0,0,1,0,1,1,0,1,0.75,0.25,0,0.25,1,0,1,0,0,1,1,0,1,0,0,1,0,0,0,1,0,0,0,1,0,0,1,0,0,0,0,1,0,4
388,0.428571429,0.75,0.25,0,0.333333333,0,0,1,1,0,1,1,1,0,0.75,0.5,0.75,0,0,0,0,1,0,0,1,0,1,0,1,0,1,0,0,0,0,1,0,0,0,1,0,1,0,0,0,0,1,0,8
389,0.428571429,0.25,0.25,0.333333333,0.333333333,0.333333333,0,0,0,1,1,1,0,0,0,0,0,0,0,1,0,1,0,0,1,0,1,1,0,0,1,0,0,1,0,0,0,0,1,0,0,1,0,0,0,0,1,0,3.666666667
390,0.714285714,0.5,0.5,0,0.333333333,0.666666667,0,1,1,0,1,1,0,0,1,1,0.75,0.75,1,0.75,0.146666667,0,1,0,1,0,1,0,1,1,0,0,0,0,1,0,0,0,0,1,0,1,0,0,0,0,0,1,9
391,0.285714286,0.75,0.25,0.333333333,0,0,0,0,0,0,0,1,1,0,0.25,0.75,1,0.5,0.75,0.25,0.04,0,1,0,1,0,1,0,1,0,1,0,0,0,1,0,0,0,0,1,0,1,0,0,0,0,1,0,15.33333333
392,0.857142857,0.25,0.25,0,0,1,0,0,0,0,0,1,0,0,1,1,0.5,0.5,0.5,0.5,0.04,0,1,0,1,1,0,1,0,0,1,0,0,1,0,0,0,0,1,0,0,1,0,0,0,0,0,1,8.333333333
393,0.428571429,0.75,0.5,0.666666667,0,0,0,0,0,0,0,1,1,0,0.75,0.75,0,0.5,0.75,1,0,0,1,0,1,1,0,0,1,0,1,0,0,0,1,0,0,0,1,0,0,1,0,0,0,0,1,0,11
394,0.571428571,0.25,0.25,0,0,0,0,0,0,0,1,1,1,0,0.5,0.25,0.5,0.5,0.5,1,0.066666667,0,1,0,1,0,1,0,1,0,1,0,0,1,0,0,1,0,0,0,0,1,0,0,0,1,0,0,8.666666667
